Ticker,Expiration,TimeToMaturity,Strike,OptionType,LastPrice,Bid,Ask,ImpliedVolatility,BisectionIV,BisectionTime,EFDprice,IFDprice,CNFDprice,EFDdelta,EFDgamma,EFDtheta,EFDvega,InTheMoney
NVDA,2025-03-21,0.016438,5,Call,115,115.6,116.1,9.1875,0,0,0,0,0,0,0,0,0,True
NVDA,2025-03-21,0.016438,10,Call,98.92,110.6,111.1,7.03125,0,0,0,0,0,0,0,0,0,True
NVDA,2025-03-21,0.016438,15,Call,91.75,105.75,106.2,6.57031,0,0,0,0,0,0,0,0,0,True
NVDA,2025-03-21,0.016438,20,Call,100.8,100.75,101.2,5.64844,0,0,0,0,0,0,0,0,0,True
NVDA,2025-03-21,0.016438,25,Call,95.37,95.7,96.15,4.76563,0,0,0,0,0,0,0,0,0,True
NVDA,2025-03-21,0.016438,30,Call,78.15,90.75,91.2,4.39063,0,0,0,0,0,0,0,0,0,True
NVDA,2025-03-21,0.016438,32,Call,79.32,88.75,89.2,4.19141,0,0,0,0,0,0,0,0,0,True
NVDA,2025-03-21,0.016438,33,Call,78.83,87.7,88.15,3.94531,0,0,0,0,0,0,0,0,0,True
NVDA,2025-03-21,0.016438,34,Call,78.77,86.6,87.1,3.57031,0,0,0,0,0,0,0,0,0,True
NVDA,2025-03-21,0.016438,35,Call,73.18,85.75,86.2,3.92188,0,0,0,0,0,0,0,0,0,True
NVDA,2025-03-21,0.016438,36,Call,81.73,84.6,85.1,3.41406,0,0,0,0,0,0,0,0,0,True
NVDA,2025-03-21,0.016438,37,Call,73.51,83.7,84.2,3.6875,0,0,0,0,0,0,0,0,0,True
NVDA,2025-03-21,0.016438,38,Call,77.3,82.65,83.15,3.46094,0,0,0,0,0,0,0,0,0,True
NVDA,2025-03-21,0.016438,39,Call,68.2,81.7,82.2,3.53125,0,0,0,0,0,0,0,0,0,True
NVDA,2025-03-21,0.016438,40,Call,80.29,80.65,81.1,3.22656,0,0,0,0,0,0,0,0,0,True
NVDA,2025-03-21,0.016438,41,Call,84.82,79.7,80.2,3.38281,0,0,0,0,0,0,0,0,0,True
NVDA,2025-03-21,0.016438,42,Call,80.28,78.65,79.15,3.17578,0,0,0,0,0,0,0,0,0,True
NVDA,2025-03-21,0.016438,43,Call,77.95,77.7,78.2,3.24219,0,0,0,0,0,0,0,0,0,True
NVDA,2025-03-21,0.016438,44,Call,89.35,76.7,77.2,3.17578,0,0,0,0,0,0,0,0,0,True
NVDA,2025-03-21,0.016438,45,Call,70.33,75.7,76.2,3.10938,0,0,0,0,0,0,0,0,0,True
NVDA,2025-03-21,0.016438,46,Call,85.95,74.65,75.1,2.84375,0,0,0,0,0,0,0,0,0,True
NVDA,2025-03-21,0.016438,47,Call,67.87,73.65,74.15,2.85938,0,0,0,0,0,0,0,0,0,True
NVDA,2025-03-21,0.016438,48,Call,73.2,72.65,73.15,2.79688,0,0,0,0,0,0,0,0,0,True
NVDA,2025-03-21,0.016438,49,Call,72.3,71.75,72.25,2.96094,0,0,0,0,0,0,0,0,0,True
NVDA,2025-03-21,0.016438,50,Call,70.47,70.75,71.2,2.85157,0,0,0,0,0,0,0,0,0,True
NVDA,2025-03-21,0.016438,52,Call,66.55,68.75,69.25,2.78125,0,0,0,0,0,0,0,0,0,True
NVDA,2025-03-21,0.016438,54,Call,52.32,66.8,67.3,2.7461,0,0,0,0,0,0,0,0,0,True
NVDA,2025-03-21,0.016438,55,Call,60,65.7,66.1,2.41407,0,0,0,0,0,0,0,0,0,True
NVDA,2025-03-21,0.016438,56,Call,59.25,64.85,65.2,2.59571,0,0,0,0,0,0,0,0,0,True
NVDA,2025-03-21,0.016438,58,Call,58.36,62.6,63.1,2.13282,0,0,0,0,0,0,0,0,0,True
NVDA,2025-03-21,0.016438,60,Call,60.96,60.65,61,1.96094,0,0,0,0,0,0,0,0,0,True
NVDA,2025-03-21,0.016438,62,Call,48.65,58.7,59.1,2.07422,0,0,0,0,0,0,0,0,0,True
NVDA,2025-03-21,0.016438,64,Call,49.6,56.85,57.2,2.1875,0,0,0,0,0,0,0,0,0,True
NVDA,2025-03-21,0.016438,65,Call,55.85,55.7,56.2,2.03125,0,0,0,0,0,0,0,0,0,True
NVDA,2025-03-21,0.016438,66,Call,49.5,54.6,55.15,1.84766,0,0,0,0,0,0,0,0,0,True
NVDA,2025-03-21,0.016438,68,Call,53.4,52.7,53.2,1.89648,0,0,0,0,0,0,0,0,0,True
NVDA,2025-03-21,0.016438,70,Call,50.88,50.65,51.1,1.6836,0,0,0,0,0,0,0,0,0,True
NVDA,2025-03-21,0.016438,71,Call,48.95,49.8,50.2,1.83594,0,0,0,0,0,0,0,0,0,True
NVDA,2025-03-21,0.016438,72,Call,48.85,48.95,49.15,1.85156,0,0,0,0,0,0,0,0,0,True
NVDA,2025-03-21,0.016438,73,Call,48.05,47.8,48.15,1.7207,0,0,0,0,0,0,0,0,0,True
NVDA,2025-03-21,0.016438,74,Call,46.8,46.8,47.1,1.64649,0,0,0,0,0,0,0,0,0,True
NVDA,2025-03-21,0.016438,75,Call,45.45,45.85,46.15,1.66797,0,0,0,0,0,0,0,0,0,True
NVDA,2025-03-21,0.016438,76,Call,44.8,44.8,45,1.4961,0,0,0,0,0,0,0,0,0,True
NVDA,2025-03-21,0.016438,77,Call,44.05,43.85,44.2,1.61328,0,0,0,0,0,0,0,0,0,True
NVDA,2025-03-21,0.016438,78,Call,39.15,42.7,43.1,1.42188,0,0,0,0,0,0,0,0,0,True
NVDA,2025-03-21,0.016438,79,Call,42.1,41.8,42.05,1.41992,0,0,0,0,0,0,0,0,0,True
NVDA,2025-03-21,0.016438,80,Call,40.71,40.85,41.05,1.41407,0,0,0,0,0,0,0,0,0,True
NVDA,2025-03-21,0.016438,81,Call,38.95,39.95,40,1.4043,0,0,0,0,0,0,0,0,0,True
NVDA,2025-03-21,0.016438,82,Call,39,38.85,39.05,1.33985,0,0,0,0,0,0,0,0,0,True
NVDA,2025-03-21,0.016438,83,Call,36.85,37.85,38.25,1.40137,0,0,0,0,0,0,0,0,0,True
NVDA,2025-03-21,0.016438,84,Call,37.1,36.9,37.05,1.29297,0,0,0,0,0,0,0,0,0,True
NVDA,2025-03-21,0.016438,85,Call,36,36,36.15,1.34571,0,0,0,0,0,0,0,0,0,True
NVDA,2025-03-21,0.016438,86,Call,34.6,35,35.2,1.32618,0,0,0,0,0,0,0,0,0,True
NVDA,2025-03-21,0.016438,88,Call,33.2,32.9,33.05,1.15039,0,0,0,0,0,0,0,0,0,True
NVDA,2025-03-21,0.016438,90,Call,31.2,31,31.1,1.14063,0,0,0,0,0,0,0,0,0,True
NVDA,2025-03-21,0.016438,92,Call,29.05,28.95,29.05,1.03125,0,0,0,0,0,0,0,0,0,True
NVDA,2025-03-21,0.016438,94,Call,27.05,27.05,27.2,1.04493,0,0,0,0,0,0,0,0,0,True
NVDA,2025-03-21,0.016438,95,Call,26.3,26,26.1,0.962891,0,0,0,0,0,0,0,0,0,True
NVDA,2025-03-21,0.016438,96,Call,25.27,25.1,25.2,0.986328,0,0,0,0,0,0,0,0,0,True
NVDA,2025-03-21,0.016438,98,Call,23.37,22.95,23.1,0.843752,0,0,0,0,0,0,0,0,0,True
NVDA,2025-03-21,0.016438,100,Call,21.35,21.2,21.25,0.876954,0.987996,0.01391,21.2238,22.9305,20.7429,0.940231,0.0155483,-59.0395,1.83398,True
NVDA,2025-03-21,0.016438,102,Call,19.25,19.15,19.25,0.793947,0.891567,0.003392,19.1974,20.5549,18.7429,0.938196,0.0166049,-55.0773,1.8812,True
NVDA,2025-03-21,0.016438,104,Call,17.25,17.3,17.4,0.777834,0.878075,0.00331,17.3485,18.6316,16.7429,0.917453,0.0187917,-66.7794,2.3514,True
NVDA,2025-03-21,0.016438,105,Call,16.3,16.3,16.4,0.740237,0.834962,0.00338,16.3466,17.4891,15.7429,0.914006,0.0197187,-65.6348,2.42387,True
NVDA,2025-03-21,0.016438,106,Call,15.35,15.35,15.45,0.718753,0.811368,0.003187,15.3967,16.4567,14.7429,0.905097,0.0209466,-68.4415,2.60861,True
NVDA,2025-03-21,0.016438,108,Call,13.6,13.6,13.7,0.71094,0.806404,0.003194,13.6473,14.6552,12.7429,0.872263,0.0239642,-83.1788,3.22766,True
NVDA,2025-03-21,0.016438,110,Call,11.62,11.7,11.8,0.652836,0.7408,0.003418,11.7466,12.5537,10.7429,0.849896,0.0273829,-85.1935,3.60372,True
NVDA,2025-03-21,0.016438,112,Call,10.1,10.1,10.15,0.645755,0.73513,0.002446,10.1226,10.8712,8.7429,0.80281,0.0310375,-99.7524,4.28981,True
NVDA,2025-03-21,0.016438,114,Call,8.6,8.55,8.6,0.633793,0.72323,0.002816,8.57,9.24569,6.7429,0.749747,0.0346247,-111.855,4.91325,True
NVDA,2025-03-21,0.016438,115,Call,7.65,7.8,7.85,0.625492,0.714146,0.002511,7.8213,8.4509,5.7429,0.720892,0.0363798,-116.468,5.1979,True
NVDA,2025-03-21,0.016438,116,Call,6.95,7,7.05,0.604496,0.690669,0.002409,7.02207,7.57993,4.7429,0.693037,0.0385956,-117.573,5.43529,True
NVDA,2025-03-21,0.016438,118,Call,5.65,5.65,5.7,0.588871,0.673525,0.002141,5.66716,6.1454,2.7429,0.624564,0.041601,-123.526,5.87049,True
NVDA,2025-03-21,0.016438,120,Call,4.5,4.45,4.5,0.574467,0.658045,0.002386,4.46966,4.86585,0.742897,0.549183,0.0434375,-125.506,6.12593,True
NVDA,2025-03-21,0.016438,122,Call,3.5,3.5,3.55,0.574223,0.658417,0.002395,3.51974,3.86162,0,0.471209,0.0429636,-125.832,6.15247,False
NVDA,2025-03-21,0.016438,124,Call,2.62,2.64,2.65,0.562016,0.644949,0.002461,2.64354,2.9121,0,0.392892,0.0417466,-118.731,5.94857,False
NVDA,2025-03-21,0.016438,125,Call,2.25,2.25,2.27,0.555424,0.637677,0.002578,2.25618,2.49437,0,0.354098,0.0406182,-113.526,5.75129,False
NVDA,2025-03-21,0.016438,126,Call,1.87,1.88,1.9,0.545415,0.626175,0.002019,1.88634,2.0894,0,0.314952,0.0392562,-106.363,5.49372,False
NVDA,2025-03-21,0.016438,128,Call,1.4,1.37,1.39,0.544926,0.625992,0.003064,1.37587,1.53849,0,0.248764,0.034772,-94.7009,4.9022,False
NVDA,2025-03-21,0.016438,129,Call,1.15,1.14,1.15,0.540044,0.620439,0.003227,1.13853,1.28055,0,0.216578,0.0323749,-86.895,4.5337,False
NVDA,2025-03-21,0.016438,130,Call,0.95,0.95,0.96,0.538091,0.618299,0.003266,0.950842,1.0724,0,0.188453,0.0297747,-79.5499,4.17092,False
NVDA,2025-03-21,0.016438,131,Call,0.8,0.78,0.79,0.534673,0.614608,0.003248,0.782599,0.884937,0,0.162061,0.0271153,-71.745,3.7889,False
NVDA,2025-03-21,0.016438,132,Call,0.67,0.65,0.66,0.535161,0.615396,0.00312,0.651557,0.74207,0,0.139693,0.0244829,-65.0454,3.42791,False
NVDA,2025-03-21,0.016438,133,Call,0.54,0.54,0.56,0.537602,0.618127,0.003118,0.547856,0.62663,0,0.120761,0.0219825,-58.9845,3.09934,False
NVDA,2025-03-21,0.016438,134,Call,0.45,0.45,0.46,0.538091,0.618887,0.002725,0.452004,0.521149,0,0.102958,0.0195576,-52.6705,2.76182,False
NVDA,2025-03-21,0.016438,135,Call,0.37,0.37,0.38,0.538579,0.619769,0.003107,0.373373,0.431925,0,0.0876147,0.0172967,-46.7603,2.45265,False
NVDA,2025-03-21,0.016438,136,Call,0.32,0.31,0.32,0.541997,0.623982,0.003017,0.312293,0.365138,0,0.0750008,0.0152694,-41.8676,2.17856,False
NVDA,2025-03-21,0.016438,137,Call,0.26,0.25,0.26,0.541997,0.623385,0.00304,0.253274,0.297272,0,0.0627818,0.0132939,-36.4142,1.89922,False
NVDA,2025-03-21,0.016438,138,Call,0.22,0.22,0.23,0.550786,0.634444,0.003138,0.223155,0.264455,0,0.0555161,0.0118581,-33.6356,1.72513,False
NVDA,2025-03-21,0.016438,139,Call,0.18,0.18,0.19,0.552739,0.636323,0.002968,0.182984,0.218849,0,0.0466828,0.010289,-29.3744,1.50189,False
NVDA,2025-03-21,0.016438,140,Call,0.16,0.15,0.16,0.556645,0.640706,0.00284,0.153735,0.184666,0,0.0398783,0.00898298,-26.0065,1.32187,False
NVDA,2025-03-21,0.016438,141,Call,0.14,0.13,0.14,0.564457,0,0,0,0,0,0,0,0,0,False
NVDA,2025-03-21,0.016438,142,Call,0.11,0.11,0.12,0.56934,0,0,0,0,0,0,0,0,0,False
NVDA,2025-03-21,0.016438,143,Call,0.1,0.09,0.1,0.57227,0,0,0,0,0,0,0,0,0,False
NVDA,2025-03-21,0.016438,144,Call,0.08,0.08,0.09,0.582035,0,0,0,0,0,0,0,0,0,False
NVDA,2025-03-21,0.016438,145,Call,0.07,0.07,0.08,0.589848,0,0,0,0,0,0,0,0,0,False
NVDA,2025-03-21,0.016438,146,Call,0.07,0.06,0.07,0.595707,0,0,0,0,0,0,0,0,0,False
NVDA,2025-03-21,0.016438,147,Call,0.06,0.05,0.06,0.59766,0,0,0,0,0,0,0,0,0,False
NVDA,2025-03-21,0.016438,148,Call,0.06,0.05,0.06,0.617191,0,0,0,0,0,0,0,0,0,False
NVDA,2025-03-21,0.016438,149,Call,0.05,0.05,0.06,0.632816,0,0,0,0,0,0,0,0,0,False
NVDA,2025-03-21,0.016438,150,Call,0.04,0.04,0.05,0.632816,0,0,0,0,0,0,0,0,0,False
NVDA,2025-03-21,0.016438,151,Call,0.04,0.04,0.05,0.652347,0,0,0,0,0,0,0,0,0,False
NVDA,2025-03-21,0.016438,152,Call,0.03,0.03,0.04,0.648441,0,0,0,0,0,0,0,0,0,False
NVDA,2025-03-21,0.016438,152.5,Call,0.03,0.03,0.04,0.656253,0,0,0,0,0,0,0,0,0,False
NVDA,2025-03-21,0.016438,153,Call,0.04,0.03,0.04,0.664066,0,0,0,0,0,0,0,0,0,False
NVDA,2025-03-21,0.016438,154,Call,0.04,0.03,0.04,0.679691,0,0,0,0,0,0,0,0,0,False
NVDA,2025-03-21,0.016438,155,Call,0.03,0.02,0.03,0.667972,0,0,0,0,0,0,0,0,0,False
NVDA,2025-03-21,0.016438,156,Call,0.03,0.02,0.03,0.679691,0,0,0,0,0,0,0,0,0,False
NVDA,2025-03-21,0.016438,157,Call,0.03,0.02,0.03,0.695316,0,0,0,0,0,0,0,0,0,False
NVDA,2025-03-21,0.016438,157.5,Call,0.03,0.02,0.03,0.703128,0,0,0,0,0,0,0,0,0,False
NVDA,2025-03-21,0.016438,158,Call,0.02,0.02,0.03,0.71094,0,0,0,0,0,0,0,0,0,False
NVDA,2025-03-21,0.016438,159,Call,0.03,0.02,0.03,0.726565,0,0,0,0,0,0,0,0,0,False
NVDA,2025-03-21,0.016438,160,Call,0.02,0.02,0.03,0.74219,0,0,0,0,0,0,0,0,0,False
NVDA,2025-03-21,0.016438,161,Call,0.02,0.02,0.03,0.757815,0,0,0,0,0,0,0,0,0,False
NVDA,2025-03-21,0.016438,162,Call,0.01,0.01,0.02,0.734378,0,0,0,0,0,0,0,0,0,False
NVDA,2025-03-21,0.016438,162.5,Call,0.02,0.01,0.02,0.734378,0,0,0,0,0,0,0,0,0,False
NVDA,2025-03-21,0.016438,163,Call,0.01,0.01,0.02,0.74219,0,0,0,0,0,0,0,0,0,False
NVDA,2025-03-21,0.016438,164,Call,0.02,0.01,0.02,0.757815,0,0,0,0,0,0,0,0,0,False
NVDA,2025-03-21,0.016438,165,Call,0.02,0.01,0.02,0.765627,0,0,0,0,0,0,0,0,0,False
NVDA,2025-03-21,0.016438,166,Call,0.01,0.01,0.02,0.781252,0,0,0,0,0,0,0,0,0,False
NVDA,2025-03-21,0.016438,167,Call,0.02,0.01,0.02,0.796877,0,0,0,0,0,0,0,0,0,False
NVDA,2025-03-21,0.016438,168,Call,0.02,0.01,0.02,0.812502,0,0,0,0,0,0,0,0,0,False
NVDA,2025-03-21,0.016438,169,Call,0.03,0.01,0.02,0.820314,0,0,0,0,0,0,0,0,0,False
NVDA,2025-03-21,0.016438,170,Call,0.01,0.01,0.02,0.835939,0,0,0,0,0,0,0,0,0,False
NVDA,2025-03-21,0.016438,171,Call,0.01,0.01,0.02,0.843752,0,0,0,0,0,0,0,0,0,False
NVDA,2025-03-21,0.016438,172,Call,0.02,0.01,0.02,0.859376,0,0,0,0,0,0,0,0,0,False
NVDA,2025-03-21,0.016438,173,Call,0.01,0.01,0.02,0.875001,0,0,0,0,0,0,0,0,0,False
NVDA,2025-03-21,0.016438,174,Call,0.01,0,0.01,0.812502,0,0,0,0,0,0,0,0,0,False
NVDA,2025-03-21,0.016438,175,Call,0.01,0,0.01,0.812502,0,0,0,0,0,0,0,0,0,False
NVDA,2025-03-21,0.016438,176,Call,0.01,0,0.01,0.812502,0,0,0,0,0,0,0,0,0,False
NVDA,2025-03-21,0.016438,177,Call,0.01,0,0.01,0.843752,0,0,0,0,0,0,0,0,0,False
NVDA,2025-03-21,0.016438,178,Call,0.02,0,0.01,0.843752,0,0,0,0,0,0,0,0,0,False
NVDA,2025-03-21,0.016438,179,Call,0.02,0,0.01,0.843752,0,0,0,0,0,0,0,0,0,False
NVDA,2025-03-21,0.016438,180,Call,0.01,0,0.01,0.875001,0,0,0,0,0,0,0,0,0,False
NVDA,2025-03-21,0.016438,181,Call,0.01,0,0.01,0.875001,0,0,0,0,0,0,0,0,0,False
NVDA,2025-03-21,0.016438,182,Call,0.01,0,0.01,0.875001,0,0,0,0,0,0,0,0,0,False
NVDA,2025-03-21,0.016438,183,Call,0.03,0,0.01,0.906251,0,0,0,0,0,0,0,0,0,False
NVDA,2025-03-21,0.016438,184,Call,0.01,0,0.01,0.906251,0,0,0,0,0,0,0,0,0,False
NVDA,2025-03-21,0.016438,185,Call,0.01,0,0.01,0.906251,0,0,0,0,0,0,0,0,0,False
NVDA,2025-03-21,0.016438,186,Call,0.01,0,0.01,0.937501,0,0,0,0,0,0,0,0,0,False
NVDA,2025-03-21,0.016438,187,Call,0.02,0,0.01,0.937501,0,0,0,0,0,0,0,0,0,False
NVDA,2025-03-21,0.016438,188,Call,0.01,0,0.01,0.937501,0,0,0,0,0,0,0,0,0,False
NVDA,2025-03-21,0.016438,189,Call,0.02,0,0.01,0.96875,0,0,0,0,0,0,0,0,0,False
NVDA,2025-03-21,0.016438,190,Call,0.01,0,0.01,0.96875,0,0,0,0,0,0,0,0,0,False
NVDA,2025-03-21,0.016438,191,Call,0.01,0,0.01,0.96875,0,0,0,0,0,0,0,0,0,False
NVDA,2025-03-21,0.016438,192,Call,0.01,0,0.01,0.984375,0,0,0,0,0,0,0,0,0,False
NVDA,2025-03-21,0.016438,193,Call,0.01,0,0.01,1.00001,0,0,0,0,0,0,0,0,0,False
NVDA,2025-03-21,0.016438,194,Call,0.01,0,0.01,1.00001,0,0,0,0,0,0,0,0,0,False
NVDA,2025-03-21,0.016438,195,Call,0.01,0,0.01,1.03125,0,0,0,0,0,0,0,0,0,False
NVDA,2025-03-21,0.016438,200,Call,0.01,0,0.01,1.0625,0,0,0,0,0,0,0,0,0,False
NVDA,2025-03-21,0.016438,205,Call,0.01,0,0.01,1.125,0,0,0,0,0,0,0,0,0,False
NVDA,2025-03-21,0.016438,210,Call,0.01,0,0.01,1.15625,0,0,0,0,0,0,0,0,0,False
NVDA,2025-03-21,0.016438,212,Call,0.01,0,0.01,1.1875,0,0,0,0,0,0,0,0,0,False
NVDA,2025-03-21,0.016438,213,Call,0.01,0,0.01,1.1875,0,0,0,0,0,0,0,0,0,False
NVDA,2025-03-21,0.016438,214,Call,0.01,0,0.01,1.1875,0,0,0,0,0,0,0,0,0,False
NVDA,2025-03-21,0.016438,215,Call,0.01,0,0.01,1.21875,0,0,0,0,0,0,0,0,0,False
NVDA,2025-03-21,0.016438,216,Call,0.01,0,0.01,1.21875,0,0,0,0,0,0,0,0,0,False
NVDA,2025-03-21,0.016438,217,Call,0.01,0,0.01,1.21875,0,0,0,0,0,0,0,0,0,False
NVDA,2025-03-21,0.016438,218,Call,0.01,0,0.01,1.25,0,0,0,0,0,0,0,0,0,False
NVDA,2025-03-21,0.016438,219,Call,0.01,0,0.01,1.25,0,0,0,0,0,0,0,0,0,False
NVDA,2025-03-21,0.016438,220,Call,0.01,0,0.01,1.25,0,0,0,0,0,0,0,0,0,False
NVDA,2025-03-21,0.016438,221,Call,0.01,0,0.01,1.25,0,0,0,0,0,0,0,0,0,False
NVDA,2025-03-21,0.016438,222,Call,0.01,0,0.01,1.28125,0,0,0,0,0,0,0,0,0,False
NVDA,2025-03-21,0.016438,223,Call,0.01,0,0.01,1.28125,0,0,0,0,0,0,0,0,0,False
NVDA,2025-03-21,0.016438,224,Call,0.01,0,0.01,1.28125,0,0,0,0,0,0,0,0,0,False
NVDA,2025-03-21,0.016438,225,Call,0.01,0,0.01,1.3125,0,0,0,0,0,0,0,0,0,False
NVDA,2025-03-21,0.016438,226,Call,0.01,0,0.01,1.3125,0,0,0,0,0,0,0,0,0,False
NVDA,2025-03-21,0.016438,227,Call,0.01,0,0.01,1.3125,0,0,0,0,0,0,0,0,0,False
NVDA,2025-03-21,0.016438,228,Call,0.01,0,0.01,1.3125,0,0,0,0,0,0,0,0,0,False
NVDA,2025-03-21,0.016438,230,Call,0.01,0,0.01,1.34375,0,0,0,0,0,0,0,0,0,False
NVDA,2025-03-21,0.016438,235,Call,0.01,0,0.01,1.375,0,0,0,0,0,0,0,0,0,False
NVDA,2025-03-21,0.016438,240,Call,0.01,0,0.01,1.40625,0,0,0,0,0,0,0,0,0,False
NVDA,2025-03-21,0.016438,245,Call,0.01,0,0.01,1.4375,0,0,0,0,0,0,0,0,0,False
NVDA,2025-03-21,0.016438,250,Call,0.01,0,0.01,1.5,0,0,0,0,0,0,0,0,0,False
NVDA,2025-03-21,0.016438,255,Call,0.01,0,0.01,1.53125,0,0,0,0,0,0,0,0,0,False
NVDA,2025-03-21,0.016438,260,Call,0.02,0,0.01,1.5625,0,0,0,0,0,0,0,0,0,False
NVDA,2025-03-21,0.016438,265,Call,0.01,0,0.01,1.59375,0,0,0,0,0,0,0,0,0,False
NVDA,2025-03-21,0.016438,270,Call,0.02,0,0.01,1.625,0,0,0,0,0,0,0,0,0,False
NVDA,2025-03-21,0.016438,275,Call,0.01,0,0.01,1.6875,0,0,0,0,0,0,0,0,0,False
NVDA,2025-03-21,0.016438,280,Call,0.01,0,0.01,1.6875,0,0,0,0,0,0,0,0,0,False
NVDA,2025-03-21,0.016438,290,Call,0.01,0,0.01,1.75,0,0,0,0,0,0,0,0,0,False
NVDA,2025-03-21,0.016438,300,Call,0.01,0,0.01,1.8125,0,0,0,0,0,0,0,0,0,False
NVDA,2025-03-21,0.016438,320,Call,717.62,899.1,912.05,0,0,0,0,0,0,0,0,0,0,False
NVDA,2025-03-21,0.016438,350,Call,867.34,870.7,883.45,0,0,0,0,0,0,0,0,0,0,False
NVDA,2025-03-21,0.016438,360,Call,793.39,861.25,873.9,0,0,0,0,0,0,0,0,0,0,False
NVDA,2025-03-21,0.016438,370,Call,845,851.8,865.1,0,0,0,0,0,0,0,0,0,0,False
NVDA,2025-03-21,0.016438,380,Call,686.3,842.25,855.9,0,0,0,0,0,0,0,0,0,0,False
NVDA,2025-03-21,0.016438,390,Call,776.56,832.9,845.8,0,0,0,0,0,0,0,0,0,0,False
NVDA,2025-03-21,0.016438,400,Call,812.15,823.6,836.95,0,0,0,0,0,0,0,0,0,0,False
NVDA,2025-03-21,0.016438,410,Call,802.68,814.05,827.55,0,0,0,0,0,0,0,0,0,0,False
NVDA,2025-03-21,0.016438,420,Call,480,740.2,759.2,0,0,0,0,0,0,0,0,0,0,False
NVDA,2025-03-21,0.016438,430,Call,549.28,794.75,808.7,0,0,0,0,0,0,0,0,0,0,False
NVDA,2025-03-21,0.016438,440,Call,494.17,790,798.1,0,0,0,0,0,0,0,0,0,0,False
NVDA,2025-03-21,0.016438,450,Call,776.35,776.45,789.6,0,0,0,0,0,0,0,0,0,0,False
NVDA,2025-03-21,0.016438,460,Call,462.7,767.15,779.65,0,0,0,0,0,0,0,0,0,0,False
NVDA,2025-03-21,0.016438,470,Call,580.99,758.25,769.65,0,0,0,0,0,0,0,0,0,0,False
NVDA,2025-03-21,0.016438,480,Call,581.33,748.95,760.1,0,0,0,0,0,0,0,0,0,0,False
NVDA,2025-03-21,0.016438,490,Call,684.18,739.45,750.4,0,0,0,0,0,0,0,0,0,0,False
NVDA,2025-03-21,0.016438,500,Call,745.5,730.9,741.75,0,0,0,0,0,0,0,0,0,0,False
NVDA,2025-03-21,0.016438,520,Call,631.85,712.1,722.75,0,0,0,0,0,0,0,0,0,0,False
NVDA,2025-03-21,0.016438,540,Call,693,694.25,704.25,0,0,0,0,0,0,0,0,0,0,False
NVDA,2025-03-21,0.016438,560,Call,609.25,675.55,687.15,0,0,0,0,0,0,0,0,0,0,False
NVDA,2025-03-21,0.016438,580,Call,580.9,657.6,668.9,0,0,0,0,0,0,0,0,0,0,False
NVDA,2025-03-21,0.016438,600,Call,625.01,639.7,650.5,0,0,0,0,0,0,0,0,0,0,False
NVDA,2025-03-21,0.016438,620,Call,611,621.7,633.35,0,0,0,0,0,0,0,0,0,0,False
NVDA,2025-03-21,0.016438,640,Call,549.07,604.8,616.15,0,0,0,0,0,0,0,0,0,0,False
NVDA,2025-03-21,0.016438,660,Call,472.37,587.3,597.9,0,0,0,0,0,0,0,0,0,0,False
NVDA,2025-03-21,0.016438,680,Call,559.8,572,580.05,0,0,0,0,0,0,0,0,0,0,False
NVDA,2025-03-21,0.016438,700,Call,442,553.45,562.65,0,0,0,0,0,0,0,0,0,0,False
NVDA,2025-03-21,0.016438,710,Call,484.75,546.15,553.25,0,0,0,0,0,0,0,0,0,0,False
NVDA,2025-03-21,0.016438,720,Call,481.38,537.9,546.1,0,0,0,0,0,0,0,0,0,0,False
NVDA,2025-03-21,0.016438,730,Call,473.37,528.6,537.2,0,0,0,0,0,0,0,0,0,0,False
NVDA,2025-03-21,0.016438,740,Call,524.04,519.85,528.15,0,0,0,0,0,0,0,0,0,0,False
NVDA,2025-03-21,0.016438,750,Call,513.75,511.5,521.55,0,0,0,0,0,0,0,0,0,0,False
NVDA,2025-03-21,0.016438,760,Call,507.88,505.55,512,0,0,0,0,0,0,0,0,0,0,False
NVDA,2025-03-21,0.016438,770,Call,505.65,496,504.85,0,0,0,0,0,0,0,0,0,0,False
NVDA,2025-03-21,0.016438,780,Call,502,487.55,495.5,0,0,0,0,0,0,0,0,0,0,False
NVDA,2025-03-21,0.016438,790,Call,473.15,479.4,488.35,0,0,0,0,0,0,0,0,0,0,False
NVDA,2025-03-21,0.016438,800,Call,473,472.35,480.95,0,0,0,0,0,0,0,0,0,0,False
NVDA,2025-03-21,0.016438,810,Call,458.45,463.85,472.55,0,0,0,0,0,0,0,0,0,0,False
NVDA,2025-03-21,0.016438,820,Call,450.8,456.15,463.75,0,0,0,0,0,0,0,0,0,0,False
NVDA,2025-03-21,0.016438,830,Call,441,448.85,456.55,0,0,0,0,0,0,0,0,0,0,False
NVDA,2025-03-21,0.016438,840,Call,449.3,441.1,448.7,0,0,0,0,0,0,0,0,0,0,False
NVDA,2025-03-21,0.016438,850,Call,444,436,440.8,0,0,0,0,0,0,0,0,0,0,False
NVDA,2025-03-21,0.016438,860,Call,419.63,428.3,435.2,0,0,0,0,0,0,0,0,0,0,False
NVDA,2025-03-21,0.016438,880,Call,405.24,413.5,420.3,0,0,0,0,0,0,0,0,0,0,False
NVDA,2025-03-21,0.016438,900,Call,406.93,399.6,404.85,0,0,0,0,0,0,0,0,0,0,False
NVDA,2025-03-21,0.016438,920,Call,380,382.35,392.85,0,0,0,0,0,0,0,0,0,0,False
NVDA,2025-03-21,0.016438,940,Call,367.8,369.2,378.75,0,0,0,0,0,0,0,0,0,0,False
NVDA,2025-03-21,0.016438,960,Call,361.4,356.35,365.55,0,0,0,0,0,0,0,0,0,0,False
NVDA,2025-03-21,0.016438,980,Call,344.7,345.65,351.9,0,0,0,0,0,0,0,0,0,0,False
NVDA,2025-03-21,0.016438,1000,Call,332.17,331.6,339.95,0,0,0,0,0,0,0,0,0,0,False
NVDA,2025-03-21,0.016438,1020,Call,315,321.85,325.1,0,0,0,0,0,0,0,0,0,0,False
NVDA,2025-03-21,0.016438,1040,Call,311.57,310,313.9,0,0,0,0,0,0,0,0,0,0,False
NVDA,2025-03-21,0.016438,1060,Call,291.74,298.4,301.65,0,0,0,0,0,0,0,0,0,0,False
NVDA,2025-03-21,0.016438,1080,Call,290.84,287.25,290.5,0,0,0,0,0,0,0,0,0,0,False
NVDA,2025-03-21,0.016438,1100,Call,277.9,276.6,279.55,0,0,0,0,0,0,0,0,0,0,False
NVDA,2025-03-21,0.016438,1120,Call,267.31,265.8,269.15,0,0,0,0,0,0,0,0,0,0,False
NVDA,2025-03-21,0.016438,1140,Call,256.62,255.6,259.65,0,0,0,0,0,0,0,0,0,0,False
NVDA,2025-03-21,0.016438,1160,Call,249,245.6,249.15,0,0,0,0,0,0,0,0,0,0,False
NVDA,2025-03-21,0.016438,1180,Call,239.64,236.2,240.45,0,0,0,0,0,0,0,0,0,0,False
NVDA,2025-03-21,0.016438,1200,Call,229.43,227.3,230.15,0,0,0,0,0,0,0,0,0,0,False
NVDA,2025-03-21,0.016438,1220,Call,224.36,218.25,221.45,0,0,0,0,0,0,0,0,0,0,False
NVDA,2025-03-21,0.016438,1240,Call,211.81,209.4,212.85,0,0,0,0,0,0,0,0,0,0,False
NVDA,2025-03-21,0.016438,1260,Call,202.68,201.1,205,0,0,0,0,0,0,0,0,0,0,False
NVDA,2025-03-21,0.016438,1280,Call,196.1,193.1,196.6,0,0,0,0,0,0,0,0,0,0,False
NVDA,2025-03-21,0.016438,1300,Call,187.58,185.7,188.55,0,0,0,0,0,0,0,0,0,0,False
NVDA,2025-03-21,0.016438,1320,Call,179.45,177.95,181.3,0,0,0,0,0,0,0,0,0,0,False
NVDA,2025-03-21,0.016438,1340,Call,168,170.65,174.15,0,0,0,0,0,0,0,0,0,0,False
NVDA,2025-03-21,0.016438,1360,Call,166.54,163.85,167.05,0,0,0,0,0,0,0,0,0,0,False
NVDA,2025-03-21,0.016438,1370,Call,160,161.3,163.4,0,0,0,0,0,0,0,0,0,0,False
NVDA,2025-03-21,0.016438,1380,Call,149.35,158.05,160.15,0,0,0,0,0,0,0,0,0,0,False
NVDA,2025-03-21,0.016438,1390,Call,151.71,154.8,156.95,0,0,0,0,0,0,0,0,0,0,False
NVDA,2025-03-21,0.016438,1400,Call,153.27,151.9,153.65,0,0,0,0,0,0,0,0,0,0,False
NVDA,2025-03-21,0.016438,1410,Call,124.33,148.6,151.05,0,0,0,0,0,0,0,0,0,0,False
NVDA,2025-03-21,0.016438,1420,Call,147.15,145.5,147.6,0,0,0,0,0,0,0,0,0,0,False
NVDA,2025-03-21,0.016438,1430,Call,150,142.5,144.65,0,0,0,0,0,0,0,0,0,0,False
NVDA,2025-03-21,0.016438,1440,Call,105.6,139.6,141.7,0,0,0,0,0,0,0,0,0,0,False
NVDA,2025-03-21,0.016438,1450,Call,138.4,137,138.65,0,0,0,0,0,0,0,0,0,0,False
NVDA,2025-03-21,0.016438,1460,Call,135.98,133.95,135.95,0,0,0,0,0,0,0,0,0,0,False
NVDA,2025-03-21,0.016438,1470,Call,137.8,131.25,133.25,0,0,0,0,0,0,0,0,0,0,False
NVDA,2025-03-21,0.016438,1480,Call,137.5,128.6,130.6,0,0,0,0,0,0,0,0,0,0,False
NVDA,2025-03-21,0.016438,1490,Call,130.2,125.9,127.95,0,0,0,0,0,0,0,0,0,0,False
NVDA,2025-03-21,0.016438,1500,Call,124.67,123.35,125.2,0,0,0,0,0,0,0,0,0,0,False
NVDA,2025-03-21,0.016438,1510,Call,123.8,120.7,122.8,0,0,0,0,0,0,0,0,0,0,False
NVDA,2025-03-21,0.016438,1520,Call,120.8,118.35,120.25,39.2227,0,0,0,0,0,0,0,0,0,False
NVDA,2025-03-21,0.016438,1530,Call,113.7,115.75,117.85,34.7168,0,0,0,0,0,0,0,0,0,False
NVDA,2025-03-21,0.016438,1540,Call,114,113.6,115.5,32.5137,0,0,0,0,0,0,0,0,0,False
NVDA,2025-03-21,0.016438,1550,Call,108.25,111.3,113.05,30.8438,0,0,0,0,0,0,0,0,0,False
NVDA,2025-03-21,0.016438,1560,Call,106.83,108.75,110.85,29.5332,0,0,0,0,0,0,0,0,0,False
NVDA,2025-03-21,0.016438,1570,Call,103.43,106.65,108.65,28.54,0,0,0,0,0,0,0,0,0,False
NVDA,2025-03-21,0.016438,1580,Call,110,104.5,106.35,27.6465,0,0,0,0,0,0,0,0,0,False
NVDA,2025-03-21,0.016438,1590,Call,102.1,102.35,104.15,26.8711,0,0,0,0,0,0,0,0,0,False
NVDA,2025-03-21,0.016438,1600,Call,100.72,100.2,102,26.1782,0,0,0,0,0,0,0,0,0,False
NVDA,2025-03-21,0.016438,1610,Call,99.42,98.15,100.05,25.5874,0,0,0,0,0,0,0,0,0,False
NVDA,2025-03-21,0.016438,1620,Call,76.8,96.05,98,25.0176,0,0,0,0,0,0,0,0,0,False
NVDA,2025-03-21,0.016438,1630,Call,92.15,94.05,96,24.5049,0,0,0,0,0,0,0,0,0,False
NVDA,2025-03-21,0.016438,1640,Call,99.66,92.15,94.1,24.0464,0,0,0,0,0,0,0,0,0,False
NVDA,2025-03-21,0.016438,1650,Call,91.6,90.4,92.1,23.6167,0,0,0,0,0,0,0,0,0,False
NVDA,2025-03-21,0.016438,1660,Call,86.6,88.45,90.3,23.2075,0,0,0,0,0,0,0,0,0,False
NVDA,2025-03-21,0.016438,1670,Call,54.38,86.5,88.5,22.8154,0,0,0,0,0,0,0,0,0,False
NVDA,2025-03-21,0.016438,1680,Call,76.95,84.95,86.75,22.4854,0,0,0,0,0,0,0,0,0,False
NVDA,2025-03-21,0.016438,1690,Call,78.61,83.25,84.75,22.1267,0,0,0,0,0,0,0,0,0,False
NVDA,2025-03-21,0.016438,1700,Call,82.59,81.45,83.3,21.8237,0,0,0,0,0,0,0,0,0,False
NVDA,2025-03-21,0.016438,1710,Call,81.4,79.9,81.75,21.5432,0,0,0,0,0,0,0,0,0,False
NVDA,2025-03-21,0.016438,1720,Call,73.82,78.2,79.75,21.2153,0,0,0,0,0,0,0,0,0,False
NVDA,2025-03-21,0.016438,1730,Call,52.4,76.6,78.15,20.9414,0,0,0,0,0,0,0,0,0,False
NVDA,2025-03-21,0.016438,1740,Call,82.5,75.05,76.95,20.7131,0,0,0,0,0,0,0,0,0,False
NVDA,2025-03-21,0.016438,1750,Call,75.05,72.8,75.3,20.3911,0,0,0,0,0,0,0,0,0,False
NVDA,2025-03-21,0.016438,1760,Call,70.2,72.1,73.9,20.2275,0,0,0,0,0,0,0,0,0,False
NVDA,2025-03-21,0.016438,1770,Call,68.55,70.6,72.05,19.9627,0,0,0,0,0,0,0,0,0,False
NVDA,2025-03-21,0.016438,1780,Call,67.15,69.1,71,19.7681,0,0,0,0,0,0,0,0,0,False
NVDA,2025-03-21,0.016438,1790,Call,67.5,67.65,69.55,19.5479,0,0,0,0,0,0,0,0,0,False
NVDA,2025-03-21,0.016438,1800,Call,70.18,66.4,68.1,19.3472,0,0,0,0,0,0,0,0,0,False
NVDA,2025-03-21,0.016438,1810,Call,63.8,65.1,66.85,19.1606,0,0,0,0,0,0,0,0,0,False
NVDA,2025-03-21,0.016438,1820,Call,59.1,63.65,65.5,18.9573,0,0,0,0,0,0,0,0,0,False
NVDA,2025-03-21,0.016438,1830,Call,62.85,62.25,63.85,18.7373,0,0,0,0,0,0,0,0,0,False
NVDA,2025-03-21,0.016438,1840,Call,56.3,61,62.95,18.5879,0,0,0,0,0,0,0,0,0,False
NVDA,2025-03-21,0.016438,1850,Call,62.5,60,61.65,18.4282,0,0,0,0,0,0,0,0,0,False
NVDA,2025-03-21,0.016438,1860,Call,43.65,58.55,60.55,18.2517,0,0,0,0,0,0,0,0,0,False
NVDA,2025-03-21,0.016438,1870,Call,56.5,57.75,59.35,18.1172,0,0,0,0,0,0,0,0,0,False
NVDA,2025-03-21,0.016438,1880,Call,55.7,56.25,57.85,17.9102,0,0,0,0,0,0,0,0,0,False
NVDA,2025-03-21,0.016438,1890,Call,58.9,54.5,57.1,17.7412,0,0,0,0,0,0,0,0,0,False
NVDA,2025-03-21,0.016438,1900,Call,54.77,54.15,55.5,17.613,0,0,0,0,0,0,0,0,0,False
NVDA,2025-03-21,0.016438,1910,Call,52,53,54.9,17.5,0,0,0,0,0,0,0,0,0,False
NVDA,2025-03-21,0.016438,1920,Call,51.63,52,53.85,17.366,0,0,0,0,0,0,0,0,0,False
NVDA,2025-03-21,0.016438,1930,Call,51.3,50.9,52.8,17.2251,0,0,0,0,0,0,0,0,0,False
NVDA,2025-03-21,0.016438,1940,Call,53.7,49.3,51.7,17.0459,0,0,0,0,0,0,0,0,0,False
NVDA,2025-03-21,0.016438,1950,Call,50.5,49.1,50.7,16.9736,0,0,0,0,0,0,0,0,0,False
NVDA,2025-03-21,0.016438,2000,Call,44.47,44.45,46,16.3779,0,0,0,0,0,0,0,0,0,False
NVDA,2025-03-21,0.016438,2050,Call,41,40.6,41.65,15.8643,0,0,0,0,0,0,0,0,0,False
NVDA,2025-03-21,0.016438,2100,Call,36.82,36.8,37.95,15.397,0,0,0,0,0,0,0,0,0,False
NVDA,2025-03-21,0.016438,2120,Call,38.42,35.4,36.65,15.2295,0,0,0,0,0,0,0,0,0,False
NVDA,2025-03-21,0.016438,2130,Call,36.35,34.7,36.3,15.1667,0,0,0,0,0,0,0,0,0,False
NVDA,2025-03-21,0.016438,2150,Call,36.47,33.65,35,15.0227,0,0,0,0,0,0,0,0,0,False
NVDA,2025-03-21,0.016438,2160,Call,42.12,32.9,34.1,14.9163,0,0,0,0,0,0,0,0,0,False
NVDA,2025-03-21,0.016438,2170,Call,43.95,32.3,33.5,14.8418,0,0,0,0,0,0,0,0,0,False
NVDA,2025-03-21,0.016438,2200,Call,33.31,30.85,31.7,14.6411,0,0,0,0,0,0,0,0,0,False
NVDA,2025-03-21,0.016438,2220,Call,31.81,29.3,30.65,14.4741,0,0,0,0,0,0,0,0,0,False
NVDA,2025-03-21,0.016438,2230,Call,32.31,29.35,30.45,14.4744,0,0,0,0,0,0,0,0,0,False
NVDA,2025-03-21,0.016438,2240,Call,27.72,28.6,29.55,14.3643,0,0,0,0,0,0,0,0,0,False
NVDA,2025-03-21,0.016438,2250,Call,30,28.35,29.3,14.3384,0,0,0,0,0,0,0,0,0,False
NVDA,2025-03-21,0.016438,2260,Call,28.8,27.85,28.55,14.2568,0,0,0,0,0,0,0,0,0,False
NVDA,2025-03-21,0.016438,2270,Call,27.81,27.35,28.4,14.2192,0,0,0,0,0,0,0,0,0,False
NVDA,2025-03-21,0.016438,2280,Call,27.4,26.85,27.65,14.1367,0,0,0,0,0,0,0,0,0,False
NVDA,2025-03-21,0.016438,2300,Call,28.1,25.55,26.9,14.0042,0,0,0,0,0,0,0,0,0,False
NVDA,2025-03-21,0.016438,2350,Call,24.2,23.45,24.7,13.7275,0,0,0,0,0,0,0,0,0,False
NVDA,2025-03-21,0.016438,2400,Call,22.25,21.85,22.6,13.4883,0,0,0,0,0,0,0,0,0,False
NVDA,2025-03-21,0.016438,2450,Call,20.66,20.1,21.05,13.2722,0,0,0,0,0,0,0,0,0,False
NVDA,2025-03-21,0.016438,2500,Call,19.3,18.6,19.65,13.0806,0,0,0,0,0,0,0,0,0,False
NVDA,2025-03-21,0.016438,5,Put,0.01,0,0.01,6.75,0,0,0,0,0,0,0,0,0,False
NVDA,2025-03-21,0.016438,10,Put,0.01,0,0.01,5.25,0,0,0,0,0,0,0,0,0,False
NVDA,2025-03-21,0.016438,15,Put,0.01,0,0.01,4.375,0,0,0,0,0,0,0,0,0,False
NVDA,2025-03-21,0.016438,20,Put,0.01,0,0.01,3.75,0,0,0,0,0,0,0,0,0,False
NVDA,2025-03-21,0.016438,25,Put,0.01,0,0.01,3.375,0,0,0,0,0,0,0,0,0,False
NVDA,2025-03-21,0.016438,30,Put,0.01,0,0.01,2.9375,0,0,0,0,0,0,0,0,0,False
NVDA,2025-03-21,0.016438,32,Put,0.01,0,0.01,2.8125,0,0,0,0,0,0,0,0,0,False
NVDA,2025-03-21,0.016438,33,Put,0.02,0,0.01,2.75,0,0,0,0,0,0,0,0,0,False
NVDA,2025-03-21,0.016438,34,Put,0.01,0,0.01,2.6875,0,0,0,0,0,0,0,0,0,False
NVDA,2025-03-21,0.016438,35,Put,0.01,0,0.01,2.625,0,0,0,0,0,0,0,0,0,False
NVDA,2025-03-21,0.016438,36,Put,0.01,0,0.01,2.5625,0,0,0,0,0,0,0,0,0,False
NVDA,2025-03-21,0.016438,37,Put,0.01,0,0.01,2.5,0,0,0,0,0,0,0,0,0,False
NVDA,2025-03-21,0.016438,38,Put,0.01,0,0.01,2.4375,0,0,0,0,0,0,0,0,0,False
NVDA,2025-03-21,0.016438,39,Put,0.01,0,0.01,2.375,0,0,0,0,0,0,0,0,0,False
NVDA,2025-03-21,0.016438,40,Put,0.01,0,0.01,2.375,0,0,0,0,0,0,0,0,0,False
NVDA,2025-03-21,0.016438,41,Put,0.01,0,0.01,2.3125,0,0,0,0,0,0,0,0,0,False
NVDA,2025-03-21,0.016438,42,Put,0.01,0,0.01,2.25,0,0,0,0,0,0,0,0,0,False
NVDA,2025-03-21,0.016438,43,Put,0.01,0,0.01,2.1875,0,0,0,0,0,0,0,0,0,False
NVDA,2025-03-21,0.016438,44,Put,0.01,0,0.01,2.125,0,0,0,0,0,0,0,0,0,False
NVDA,2025-03-21,0.016438,45,Put,0.01,0,0.01,2.125,0,0,0,0,0,0,0,0,0,False
NVDA,2025-03-21,0.016438,46,Put,0.01,0,0.01,2.0625,0,0,0,0,0,0,0,0,0,False
NVDA,2025-03-21,0.016438,47,Put,0.01,0,0.01,2,0,0,0,0,0,0,0,0,0,False
NVDA,2025-03-21,0.016438,48,Put,0.02,0,0.01,1.96875,0,0,0,0,0,0,0,0,0,False
NVDA,2025-03-21,0.016438,49,Put,0.01,0,0.01,1.9375,0,0,0,0,0,0,0,0,0,False
NVDA,2025-03-21,0.016438,50,Put,0.01,0,0.01,1.875,0,0,0,0,0,0,0,0,0,False
NVDA,2025-03-21,0.016438,52,Put,0.01,0,0.01,1.8125,0,0,0,0,0,0,0,0,0,False
NVDA,2025-03-21,0.016438,54,Put,0.01,0,0.01,1.75,0,0,0,0,0,0,0,0,0,False
NVDA,2025-03-21,0.016438,55,Put,0.01,0,0.01,1.6875,0,0,0,0,0,0,0,0,0,False
NVDA,2025-03-21,0.016438,56,Put,0.01,0,0.01,1.6875,0,0,0,0,0,0,0,0,0,False
NVDA,2025-03-21,0.016438,58,Put,0.01,0,0.01,1.59375,0,0,0,0,0,0,0,0,0,False
NVDA,2025-03-21,0.016438,60,Put,0.01,0,0.02,1.625,0,0,0,0,0,0,0,0,0,False
NVDA,2025-03-21,0.016438,62,Put,0.01,0.01,0.02,1.59375,0,0,0,0,0,0,0,0,0,False
NVDA,2025-03-21,0.016438,64,Put,0.01,0.01,0.02,1.53125,0,0,0,0,0,0,0,0,0,False
NVDA,2025-03-21,0.016438,65,Put,0.02,0.01,0.02,1.5,0,0,0,0,0,0,0,0,0,False
NVDA,2025-03-21,0.016438,66,Put,0.02,0.01,0.02,1.46875,0,0,0,0,0,0,0,0,0,False
NVDA,2025-03-21,0.016438,68,Put,0.01,0.01,0.02,1.39063,0,0,0,0,0,0,0,0,0,False
NVDA,2025-03-21,0.016438,70,Put,0.02,0.02,0.03,1.39844,0,0,0,0,0,0,0,0,0,False
NVDA,2025-03-21,0.016438,71,Put,0.02,0.02,0.03,1.36719,0,0,0,0,0,0,0,0,0,False
NVDA,2025-03-21,0.016438,72,Put,0.03,0.02,0.03,1.32813,0,0,0,0,0,0,0,0,0,False
NVDA,2025-03-21,0.016438,73,Put,0.02,0.02,0.03,1.29688,0,0,0,0,0,0,0,0,0,False
NVDA,2025-03-21,0.016438,74,Put,0.03,0.02,0.03,1.26563,0,0,0,0,0,0,0,0,0,False
NVDA,2025-03-21,0.016438,75,Put,0.03,0.02,0.03,1.23438,0,0,0,0,0,0,0,0,0,False
NVDA,2025-03-21,0.016438,76,Put,0.03,0.02,0.03,1.20313,0,0,0,0,0,0,0,0,0,False
NVDA,2025-03-21,0.016438,77,Put,0.03,0.03,0.04,1.21875,0,0,0,0,0,0,0,0,0,False
NVDA,2025-03-21,0.016438,78,Put,0.04,0.03,0.04,1.1875,0,0,0,0,0,0,0,0,0,False
NVDA,2025-03-21,0.016438,79,Put,0.04,0.03,0.04,1.15625,0,0,0,0,0,0,0,0,0,False
NVDA,2025-03-21,0.016438,80,Put,0.04,0.03,0.04,1.125,0,0,0,0,0,0,0,0,0,False
NVDA,2025-03-21,0.016438,81,Put,0.05,0.04,0.05,1.125,0,0,0,0,0,0,0,0,0,False
NVDA,2025-03-21,0.016438,82,Put,0.05,0.04,0.05,1.09375,0,0,0,0,0,0,0,0,0,False
NVDA,2025-03-21,0.016438,83,Put,0.05,0.04,0.05,1.0625,0,0,0,0,0,0,0,0,0,False
NVDA,2025-03-21,0.016438,84,Put,0.05,0.04,0.05,1.03125,0,0,0,0,0,0,0,0,0,False
NVDA,2025-03-21,0.016438,85,Put,0.05,0.05,0.06,1.02735,0,0,0,0,0,0,0,0,0,False
NVDA,2025-03-21,0.016438,86,Put,0.05,0.05,0.06,0.996094,0,0,0,0,0,0,0,0,0,False
NVDA,2025-03-21,0.016438,88,Put,0.07,0.06,0.07,0.957032,0,0,0,0,0,0,0,0,0,False
NVDA,2025-03-21,0.016438,90,Put,0.07,0.07,0.08,0.914063,0,0,0,0,0,0,0,0,0,False
NVDA,2025-03-21,0.016438,92,Put,0.09,0.08,0.09,0.871095,0,0,0,0,0,0,0,0,0,False
NVDA,2025-03-21,0.016438,94,Put,0.1,0.09,0.1,0.824221,0,0,0,0,0,0,0,0,0,False
NVDA,2025-03-21,0.016438,95,Put,0.11,0.1,0.11,0.804689,0,0,0,0,0,0,0,0,0,False
NVDA,2025-03-21,0.016438,96,Put,0.12,0.11,0.12,0.787112,0,0,0,0,0,0,0,0,0,False
NVDA,2025-03-21,0.016438,98,Put,0.14,0.14,0.15,0.753909,0,0,0,0,0,0,0,0,0,False
NVDA,2025-03-21,0.016438,100,Put,0.18,0.18,0.19,0.723636,0.837476,0.00287,0.183592,0.147588,0,-0.0346502,0.00562172,-29.9646,1.18076,False
NVDA,2025-03-21,0.016438,102,Put,0.24,0.23,0.24,0.691409,0.800814,0.002892,0.234242,0.191094,0,-0.0445157,0.00720245,-35.0964,1.44877,False
NVDA,2025-03-21,0.016438,104,Put,0.31,0.31,0.32,0.666996,0.77274,0.003364,0.314022,0.260524,0,-0.0590613,0.00933739,-42.4022,1.81413,False
NVDA,2025-03-21,0.016438,105,Put,0.37,0.36,0.37,0.655277,0.758988,0.00316,0.36293,0.304409,0,-0.0678761,0.0105947,-46.4368,2.0206,False
NVDA,2025-03-21,0.016438,106,Put,0.42,0.43,0.44,0.647953,0.750652,0.00297,0.43303,0.365375,0,-0.0794927,0.0120698,-51.812,2.28133,False
NVDA,2025-03-21,0.016438,108,Put,0.59,0.59,0.6,0.628422,0.728177,0.003128,0.592993,0.507516,0,-0.105912,0.0153498,-62.1294,2.82482,False
NVDA,2025-03-21,0.016438,110,Put,0.81,0.8,0.81,0.607914,0.704928,0.002914,0.799701,0.697212,0,-0.138985,0.0191658,-72.8531,3.4202,False
NVDA,2025-03-21,0.016438,112,Put,1.13,1.1,1.12,0.593754,0.688719,0.003037,1.10536,0.974446,0,-0.183103,0.0233758,-85.1275,4.09678,False
NVDA,2025-03-21,0.016438,114,Put,1.52,1.52,1.54,0.5835,0.67719,0.002855,1.52885,1.35966,0,-0.238005,0.0275335,-97.4345,4.78538,False
NVDA,2025-03-21,0.016438,115,Put,1.77,1.79,1.81,0.581059,0.674808,0.002263,1.79689,1.60804,0,-0.269488,0.0293937,-103.633,5.10666,False
NVDA,2025-03-21,0.016438,116,Put,2.04,2.03,2.05,0.568852,0.660683,0.002309,2.03776,1.83611,0,-0.300364,0.0315221,-106.722,5.38139,False
NVDA,2025-03-21,0.016438,118,Put,2.75,2.7,2.72,0.558598,0.6495,0.002353,2.7014,2.46651,0,-0.372154,0.0346003,-114.027,5.85045,False
NVDA,2025-03-21,0.016438,120,Put,3.5,3.5,3.55,0.547856,0.637727,0.00235,3.51964,3.24272,0,-0.450306,0.0363953,-116.692,6.12489,False
NVDA,2025-03-21,0.016438,122,Put,4.55,4.5,4.55,0.540532,0.630302,0.002236,4.51939,4.20099,1.2571,-0.531553,0.0363872,-115.409,6.14758,True
NVDA,2025-03-21,0.016438,124,Put,5.65,5.65,5.7,0.531255,0.621083,0.002423,5.67297,5.31515,3.2571,-0.612339,0.0347556,-108.794,5.92527,True
NVDA,2025-03-21,0.016438,125,Put,6.35,6.3,6.35,0.529057,0.619206,0.002449,6.31834,5.94549,4.2571,-0.651095,0.033245,-104.554,5.71648,True
NVDA,2025-03-21,0.016438,126,Put,6.92,6.95,7,0.520757,0.610593,0.002106,6.96861,6.58692,5.2571,-0.690304,0.0316274,-97.8096,5.45082,True
NVDA,2025-03-21,0.016438,128,Put,8.4,8.35,8.4,0.500493,0.589961,0.003212,8.37058,7.98179,7.2571,-0.7657,0.027264,-81.0887,4.73993,True
NVDA,2025-03-21,0.016438,129,Put,9.16,9.2,9.3,0.513677,0.606396,0.003107,9.24671,8.81476,8.2571,-0.788966,0.0242537,-78.18,4.46695,True
NVDA,2025-03-21,0.016438,130,Put,10.05,9.95,10.05,0.506841,0.588319,0.003305,9.99712,9.58027,9.2571,-0.824395,0.0215315,-66.9659,3.9862,True
NVDA,2025-03-21,0.016438,131,Put,11.13,10.75,10.85,0.492681,0.573035,0.003267,10.797,10.3942,10.2571,-0.856273,0.0184447,-56.3188,3.49184,True
NVDA,2025-03-21,0.016438,132,Put,11.65,11.7,11.8,0.510747,0.59422,0.003075,11.7493,11.2962,11.2571,-0.868964,0.0158931,-54.5105,3.28176,True
NVDA,2025-03-21,0.016438,133,Put,12.65,12.55,12.7,0.511235,0.587879,0.00307,12.6238,12.1728,12.2571,-0.891587,0.013037,-46.3573,2.86768,True
NVDA,2025-03-21,0.016438,134,Put,13.4,13.35,13.45,0.447271,0.527509,0.002719,13.3995,13.0509,13.2571,-0.932491,0.00822896,-27.005,2.00841,True
NVDA,2025-03-21,0.016438,135,Put,14.33,14.3,14.45,0.472662,0.543598,0.003075,14.3737,13.9915,14.2571,-0.940221,0.00630839,-24.9267,1.82549,True
NVDA,2025-03-21,0.016438,136,Put,15.48,15.3,15.45,0.496099,0.571961,0.003223,15.3737,14.9322,15.2571,-0.94253,0.00518057,-25.4794,1.77215,True
NVDA,2025-03-21,0.016438,137,Put,16.16,16.2,16.35,0.460943,0.5317,0.0026,16.2746,15.9066,16.2571,-0.964656,0.00144686,-13.807,1.1948,True
NVDA,2025-03-21,0.016438,138,Put,17.23,17.15,17.3,0.437506,0.506681,0.002993,17.2247,16.9021,17.2571,-0.977944,-0.00141414,-6.77352,0.804848,True
NVDA,2025-03-21,0.016438,139,Put,18.6,18.15,18.25,0.367194,0.493779,0.002785,18.2,17.9001,18.2571,-0.985348,-0.00332819,-2.78372,0.566938,True
NVDA,2025-03-21,0.016438,140,Put,19,19.2,19.3,0.476568,0.583062,0.003159,19.2494,18.7694,19.2571,-0.973388,-0.00125475,-11.0647,0.944313,True
NVDA,2025-03-21,0.016438,141,Put,19.96,20.05,20.25,0.398444,0,0,0,0,0,0,0,0,0,True
NVDA,2025-03-21,0.016438,142,Put,21,21.05,21.3,0.51563,0,0,0,0,0,0,0,0,0,True
NVDA,2025-03-21,0.016438,143,Put,22.1,21.95,22.2,1e-05,0,0,0,0,0,0,0,0,0,True
NVDA,2025-03-21,0.016438,144,Put,22.65,23.1,23.3,0.552739,0,0,0,0,0,0,0,0,0,True
NVDA,2025-03-21,0.016438,145,Put,24.2,24,24.1,1e-05,0,0,0,0,0,0,0,0,0,True
NVDA,2025-03-21,0.016438,146,Put,24.9,25.05,25.25,0.476568,0,0,0,0,0,0,0,0,0,True
NVDA,2025-03-21,0.016438,147,Put,26.1,26,26.3,0.605473,0,0,0,0,0,0,0,0,0,True
NVDA,2025-03-21,0.016438,148,Put,27.14,27,27.15,1e-05,0,0,0,0,0,0,0,0,0,True
NVDA,2025-03-21,0.016438,149,Put,31.95,28,28.2,1e-05,0,0,0,0,0,0,0,0,0,True
NVDA,2025-03-21,0.016438,150,Put,29.1,29,29.15,1e-05,0,0,0,0,0,0,0,0,0,True
NVDA,2025-03-21,0.016438,151,Put,30.15,30,30.15,1e-05,0,0,0,0,0,0,0,0,0,True
NVDA,2025-03-21,0.016438,152,Put,32.15,30.95,31.2,1e-05,0,0,0,0,0,0,0,0,0,True
NVDA,2025-03-21,0.016438,152.5,Put,30.77,31.55,31.8,0.703128,0,0,0,0,0,0,0,0,0,True
NVDA,2025-03-21,0.016438,153,Put,32.1,32.05,32.4,0.820314,0,0,0,0,0,0,0,0,0,True
NVDA,2025-03-21,0.016438,154,Put,33.1,33,33.35,0.791018,0,0,0,0,0,0,0,0,0,True
NVDA,2025-03-21,0.016438,155,Put,35.25,34,34.2,1e-05,0,0,0,0,0,0,0,0,0,True
NVDA,2025-03-21,0.016438,156,Put,36.15,35,35.4,0.875001,0,0,0,0,0,0,0,0,0,True
NVDA,2025-03-21,0.016438,157,Put,37.45,36.1,36.35,0.843752,0,0,0,0,0,0,0,0,0,True
NVDA,2025-03-21,0.016438,157.5,Put,40.35,36.5,36.8,0.785158,0,0,0,0,0,0,0,0,0,True
NVDA,2025-03-21,0.016438,158,Put,38.45,37.05,37.3,0.792971,0,0,0,0,0,0,0,0,0,True
NVDA,2025-03-21,0.016438,159,Put,39.85,38,38.2,1e-05,0,0,0,0,0,0,0,0,0,True
NVDA,2025-03-21,0.016438,160,Put,39.17,39,39.2,1e-05,0,0,0,0,0,0,0,0,0,True
NVDA,2025-03-21,0.016438,161,Put,44.25,40,40.45,1.00586,0,0,0,0,0,0,0,0,0,True
NVDA,2025-03-21,0.016438,162,Put,42.15,40.9,41.15,1e-05,0,0,0,0,0,0,0,0,0,True
NVDA,2025-03-21,0.016438,162.5,Put,43.05,41.6,41.85,0.933594,0,0,0,0,0,0,0,0,0,True
NVDA,2025-03-21,0.016438,163,Put,47,42,42.2,1e-05,0,0,0,0,0,0,0,0,0,True
NVDA,2025-03-21,0.016438,164,Put,46.75,43,43.2,1e-05,0,0,0,0,0,0,0,0,0,True
NVDA,2025-03-21,0.016438,165,Put,44.56,44.1,44.3,0.898439,0,0,0,0,0,0,0,0,0,True
NVDA,2025-03-21,0.016438,166,Put,49.25,45.05,45.3,0.914063,0,0,0,0,0,0,0,0,0,True
NVDA,2025-03-21,0.016438,167,Put,49,46,46.25,0.765627,0,0,0,0,0,0,0,0,0,True
NVDA,2025-03-21,0.016438,168,Put,51.4,47.05,47.25,0.781252,0,0,0,0,0,0,0,0,0,True
NVDA,2025-03-21,0.016438,169,Put,43.3,48.1,48.25,0.796877,0,0,0,0,0,0,0,0,0,True
NVDA,2025-03-21,0.016438,170,Put,49.8,49,49.3,0.972657,0,0,0,0,0,0,0,0,0,True
NVDA,2025-03-21,0.016438,171,Put,48.9,49.9,50.35,1.06641,0,0,0,0,0,0,0,0,0,True
NVDA,2025-03-21,0.016438,172,Put,49.85,50.85,51.2,1e-05,0,0,0,0,0,0,0,0,0,True
NVDA,2025-03-21,0.016438,173,Put,64.76,52,52.4,1.15625,0,0,0,0,0,0,0,0,0,True
NVDA,2025-03-21,0.016438,174,Put,57.15,52.95,53.35,1.11329,0,0,0,0,0,0,0,0,0,True
NVDA,2025-03-21,0.016438,175,Put,58.4,54,54.45,1.23633,0,0,0,0,0,0,0,0,0,True
NVDA,2025-03-21,0.016438,176,Put,53.95,54.95,55.3,1.05469,0,0,0,0,0,0,0,0,0,True
NVDA,2025-03-21,0.016438,177,Put,54.74,55.95,56.4,1.21875,0,0,0,0,0,0,0,0,0,True
NVDA,2025-03-21,0.016438,178,Put,55.66,56.95,57.35,1.16993,0,0,0,0,0,0,0,0,0,True
NVDA,2025-03-21,0.016438,179,Put,56.1,57.95,58.45,1.29883,0,0,0,0,0,0,0,0,0,True
NVDA,2025-03-21,0.016438,180,Put,63.39,59,59.4,1.26172,0,0,0,0,0,0,0,0,0,True
NVDA,2025-03-21,0.016438,181,Put,59.61,59.9,60.35,1.21094,0,0,0,0,0,0,0,0,0,True
NVDA,2025-03-21,0.016438,182,Put,59.45,60.95,61.3,1.13672,0,0,0,0,0,0,0,0,0,True
NVDA,2025-03-21,0.016438,183,Put,61.35,61.85,62.35,1.24024,0,0,0,0,0,0,0,0,0,True
NVDA,2025-03-21,0.016438,184,Put,61.29,62.9,63.15,1e-05,0,0,0,0,0,0,0,0,0,True
NVDA,2025-03-21,0.016438,185,Put,62.13,63.95,64.3,1.17579,0,0,0,0,0,0,0,0,0,True
NVDA,2025-03-21,0.016438,186,Put,63.26,64.95,65.3,1.1875,0,0,0,0,0,0,0,0,0,True
NVDA,2025-03-21,0.016438,187,Put,64.28,65.95,66.3,1.20313,0,0,0,0,0,0,0,0,0,True
NVDA,2025-03-21,0.016438,188,Put,65.27,66.9,67.3,1.21485,0,0,0,0,0,0,0,0,0,True
NVDA,2025-03-21,0.016438,189,Put,66.25,67.9,68.45,1.44336,0,0,0,0,0,0,0,0,0,True
NVDA,2025-03-21,0.016438,190,Put,67.27,68.85,69.35,1.33203,0,0,0,0,0,0,0,0,0,True
NVDA,2025-03-21,0.016438,191,Put,68.24,69.9,70.3,1.25,0,0,0,0,0,0,0,0,0,True
NVDA,2025-03-21,0.016438,192,Put,69.27,70.8,71.3,1.26172,0,0,0,0,0,0,0,0,0,True
NVDA,2025-03-21,0.016438,193,Put,80.45,71.8,72.35,1.3711,0,0,0,0,0,0,0,0,0,True
NVDA,2025-03-21,0.016438,194,Put,47.2,59,60.35,1e-05,0,0,0,0,0,0,0,0,0,True
NVDA,2025-03-21,0.016438,195,Put,54.15,74,74.45,1.52539,0,0,0,0,0,0,0,0,0,True
NVDA,2025-03-21,0.016438,200,Put,78,78.85,79.45,1.5918,0,0,0,0,0,0,0,0,0,True
NVDA,2025-03-21,0.016438,205,Put,67.54,83.7,86.35,2.05372,0,0,0,0,0,0,0,0,0,True
NVDA,2025-03-21,0.016438,210,Put,79.05,88.85,89.3,1.46875,0,0,0,0,0,0,0,0,0,True
NVDA,2025-03-21,0.016438,212,Put,72.45,93.65,94.25,2.82227,0,0,0,0,0,0,0,0,0,True
NVDA,2025-03-21,0.016438,213,Put,61.7,0,0,1e-05,0,0,0,0,0,0,0,0,0,True
NVDA,2025-03-21,0.016438,214,Put,75.4,95.3,95.85,2.74951,0,0,0,0,0,0,0,0,0,True
NVDA,2025-03-21,0.016438,215,Put,79.8,75.75,76.6,1e-05,0,0,0,0,0,0,0,0,0,True
NVDA,2025-03-21,0.016438,216,Put,75.73,97.25,98.2,2.82325,0,0,0,0,0,0,0,0,0,True
NVDA,2025-03-21,0.016438,217,Put,77.8,98,99.35,2.82471,0,0,0,0,0,0,0,0,0,True
NVDA,2025-03-21,0.016438,218,Put,79.1,99,100.25,2.8252,0,0,0,0,0,0,0,0,0,True
NVDA,2025-03-21,0.016438,219,Put,79.75,100.25,101.15,2.86231,0,0,0,0,0,0,0,0,0,True
NVDA,2025-03-21,0.016438,220,Put,104.08,98.85,99.3,1.57813,0,0,0,0,0,0,0,0,0,True
NVDA,2025-03-21,0.016438,221,Put,84.6,100.3,101.6,2.23243,0,0,0,0,0,0,0,0,0,True
NVDA,2025-03-21,0.016438,222,Put,105.98,100.9,101.3,1.59375,0,0,0,0,0,0,0,0,0,True
NVDA,2025-03-21,0.016438,223,Put,76.5,88.35,89.65,1e-05,0,0,0,0,0,0,0,0,0,True
NVDA,2025-03-21,0.016438,224,Put,80.8,104.95,106.2,2.89991,0,0,0,0,0,0,0,0,0,True
NVDA,2025-03-21,0.016438,225,Put,85.03,103.85,104.45,1.89258,0,0,0,0,0,0,0,0,0,True
NVDA,2025-03-21,0.016438,226,Put,84.9,91.3,92.4,1e-05,0,0,0,0,0,0,0,0,0,True
NVDA,2025-03-21,0.016438,227,Put,90.15,106.3,107.6,2.3086,0,0,0,0,0,0,0,0,0,True
NVDA,2025-03-21,0.016438,228,Put,108.3,102.2,104.35,1e-05,0,0,0,0,0,0,0,0,0,True
NVDA,2025-03-21,0.016438,230,Put,90.31,108.75,112.65,2.69141,0,0,0,0,0,0,0,0,0,True
NVDA,2025-03-21,0.016438,235,Put,93,0,0,1e-05,0,0,0,0,0,0,0,0,0,True
NVDA,2025-03-21,0.016438,240,Put,93.35,120.95,122.55,3.17481,0,0,0,0,0,0,0,0,0,True
NVDA,2025-03-21,0.016438,245,Put,107.15,123.85,124.35,1.94141,0,0,0,0,0,0,0,0,0,True
NVDA,2025-03-21,0.016438,250,Put,108,130.9,132.4,3.27442,0,0,0,0,0,0,0,0,0,True
NVDA,2025-03-21,0.016438,255,Put,118.6,133.75,137,2.85938,0,0,0,0,0,0,0,0,0,True
NVDA,2025-03-21,0.016438,260,Put,116.4,141.05,142.25,3.39697,0,0,0,0,0,0,0,0,0,True
NVDA,2025-03-21,0.016438,265,Put,128.95,143.75,146.05,2.7041,0,0,0,0,0,0,0,0,0,True
NVDA,2025-03-21,0.016438,290,Put,146.07,0,0,1e-05,0,0,0,0,0,0,0,0,0,True
NVDA,2025-03-21,0.016438,300,Put,170.65,179,179.45,2.58789,0,0,0,0,0,0,0,0,0,True
NVDA,2025-03-21,0.016438,320,Put,1.1,0.9,1.35,1e-05,0,0,0,0,0,0,0,0,0,True
NVDA,2025-03-21,0.016438,330,Put,1.25,0.76,1.63,1e-05,0,0,0,0,0,0,0,0,0,True
NVDA,2025-03-21,0.016438,340,Put,4.55,0.76,2.44,1e-05,0,0,0,0,0,0,0,0,0,True
NVDA,2025-03-21,0.016438,350,Put,1.5,1.2,1.73,1e-05,0,0,0,0,0,0,0,0,0,True
NVDA,2025-03-21,0.016438,360,Put,1.81,1.09,1.98,1e-05,0,0,0,0,0,0,0,0,0,True
NVDA,2025-03-21,0.016438,370,Put,3,1.21,2.11,1e-05,0,0,0,0,0,0,0,0,0,True
NVDA,2025-03-21,0.016438,380,Put,2.4,1.35,2.26,1e-05,0,0,0,0,0,0,0,0,0,True
NVDA,2025-03-21,0.016438,390,Put,2.15,1.75,2.3,1e-05,0,0,0,0,0,0,0,0,0,True
NVDA,2025-03-21,0.016438,400,Put,2.11,1.72,2.25,1e-05,0,0,0,0,0,0,0,0,0,True
NVDA,2025-03-21,0.016438,410,Put,2.88,1.81,2.59,1e-05,0,0,0,0,0,0,0,0,0,True
NVDA,2025-03-21,0.016438,420,Put,2.63,1.99,2.81,1e-05,0,0,0,0,0,0,0,0,0,True
NVDA,2025-03-21,0.016438,430,Put,2.79,2.18,3.15,1e-05,0,0,0,0,0,0,0,0,0,True
NVDA,2025-03-21,0.016438,440,Put,3.1,2.38,3.4,1e-05,0,0,0,0,0,0,0,0,0,True
NVDA,2025-03-21,0.016438,450,Put,3.3,2.76,3.25,1e-05,0,0,0,0,0,0,0,0,0,True
NVDA,2025-03-21,0.016438,460,Put,3.45,2.88,3.75,1e-05,0,0,0,0,0,0,0,0,0,True
NVDA,2025-03-21,0.016438,470,Put,3.4,3.05,4.15,1e-05,0,0,0,0,0,0,0,0,0,True
NVDA,2025-03-21,0.016438,480,Put,4,3.35,4.45,1e-05,0,0,0,0,0,0,0,0,0,True
NVDA,2025-03-21,0.016438,490,Put,4.6,3.6,4.75,1e-05,0,0,0,0,0,0,0,0,0,True
NVDA,2025-03-21,0.016438,500,Put,4.52,4.25,4.65,1e-05,0,0,0,0,0,0,0,0,0,True
NVDA,2025-03-21,0.016438,520,Put,5.35,5,5.65,1e-05,0,0,0,0,0,0,0,0,0,True
NVDA,2025-03-21,0.016438,540,Put,5.5,5.3,6.2,1e-05,0,0,0,0,0,0,0,0,0,True
NVDA,2025-03-21,0.016438,560,Put,7.5,6.45,7.1,1e-05,0,0,0,0,0,0,0,0,0,True
NVDA,2025-03-21,0.016438,580,Put,7.85,7.2,8.15,1e-05,0,0,0,0,0,0,0,0,0,True
NVDA,2025-03-21,0.016438,600,Put,9.2,9,9.5,1e-05,0,0,0,0,0,0,0,0,0,True
NVDA,2025-03-21,0.016438,620,Put,10.52,10,10.65,1e-05,0,0,0,0,0,0,0,0,0,True
NVDA,2025-03-21,0.016438,640,Put,12.15,11.45,12.3,1e-05,0,0,0,0,0,0,0,0,0,True
NVDA,2025-03-21,0.016438,660,Put,13.85,12.9,14.25,1e-05,0,0,0,0,0,0,0,0,0,True
NVDA,2025-03-21,0.016438,680,Put,15.63,15.15,15.85,1e-05,0,0,0,0,0,0,0,0,0,True
NVDA,2025-03-21,0.016438,700,Put,18.25,17.25,18.15,1e-05,0,0,0,0,0,0,0,0,0,True
NVDA,2025-03-21,0.016438,710,Put,18.97,18.4,19,1e-05,0,0,0,0,0,0,0,0,0,True
NVDA,2025-03-21,0.016438,720,Put,19.87,19.6,20.2,1e-05,0,0,0,0,0,0,0,0,0,True
NVDA,2025-03-21,0.016438,730,Put,22.14,20.85,22,1e-05,0,0,0,0,0,0,0,0,0,True
NVDA,2025-03-21,0.016438,740,Put,24.67,22.15,23.15,1e-05,0,0,0,0,0,0,0,0,0,True
NVDA,2025-03-21,0.016438,750,Put,23.97,23.55,24.35,1e-05,0,0,0,0,0,0,0,0,0,True
NVDA,2025-03-21,0.016438,760,Put,25.32,24.95,25.7,1e-05,0,0,0,0,0,0,0,0,0,True
NVDA,2025-03-21,0.016438,770,Put,27.21,26.45,28,1e-05,0,0,0,0,0,0,0,0,0,True
NVDA,2025-03-21,0.016438,780,Put,31.26,28.1,29.35,1e-05,0,0,0,0,0,0,0,0,0,True
NVDA,2025-03-21,0.016438,790,Put,30.4,29.75,30.75,1e-05,0,0,0,0,0,0,0,0,0,True
NVDA,2025-03-21,0.016438,800,Put,32,31.1,32.85,1e-05,0,0,0,0,0,0,0,0,0,True
NVDA,2025-03-21,0.016438,810,Put,35.17,33.3,34.7,1e-05,0,0,0,0,0,0,0,0,0,True
NVDA,2025-03-21,0.016438,820,Put,37.5,35.2,36.15,1e-05,0,0,0,0,0,0,0,0,0,True
NVDA,2025-03-21,0.016438,830,Put,40.84,37.1,38.05,1e-05,0,0,0,0,0,0,0,0,0,True
NVDA,2025-03-21,0.016438,840,Put,39.94,39.25,40.35,1e-05,0,0,0,0,0,0,0,0,0,True
NVDA,2025-03-21,0.016438,850,Put,41.86,41.4,42.3,1e-05,0,0,0,0,0,0,0,0,0,True
NVDA,2025-03-21,0.016438,860,Put,45.47,43.55,44.65,1e-05,0,0,0,0,0,0,0,0,0,True
NVDA,2025-03-21,0.016438,880,Put,51.25,48.3,49.25,1e-05,0,0,0,0,0,0,0,0,0,True
NVDA,2025-03-21,0.016438,900,Put,53.69,53.3,54.3,1e-05,0,0,0,0,0,0,0,0,0,True
NVDA,2025-03-21,0.016438,920,Put,59.35,58.65,60,1e-05,0,0,0,0,0,0,0,0,0,True
NVDA,2025-03-21,0.016438,940,Put,69.59,64.35,65.55,1e-05,0,0,0,0,0,0,0,0,0,True
NVDA,2025-03-21,0.016438,960,Put,72.03,70.45,71.7,1e-05,0,0,0,0,0,0,0,0,0,True
NVDA,2025-03-21,0.016438,980,Put,83.5,76.85,77.95,1e-05,0,0,0,0,0,0,0,0,0,True
NVDA,2025-03-21,0.016438,1000,Put,85.2,83.5,84.75,1e-05,0,0,0,0,0,0,0,0,0,True
NVDA,2025-03-21,0.016438,1020,Put,93.3,90.55,92.25,1e-05,0,0,0,0,0,0,0,0,0,True
NVDA,2025-03-21,0.016438,1040,Put,98.65,98.1,99.55,1e-05,0,0,0,0,0,0,0,0,0,True
NVDA,2025-03-21,0.016438,1060,Put,108.39,105.9,107.55,1e-05,0,0,0,0,0,0,0,0,0,True
NVDA,2025-03-21,0.016438,1080,Put,121,114.05,115.8,1e-05,0,0,0,0,0,0,0,0,0,True
NVDA,2025-03-21,0.016438,1100,Put,123.43,122.5,124.45,1e-05,0,0,0,0,0,0,0,0,0,True
NVDA,2025-03-21,0.016438,1120,Put,132.39,131.5,133.7,1e-05,0,0,0,0,0,0,0,0,0,True
NVDA,2025-03-21,0.016438,1140,Put,151.4,140.8,142.65,1e-05,0,0,0,0,0,0,0,0,0,True
NVDA,2025-03-21,0.016438,1160,Put,153.3,150.4,152.25,1e-05,0,0,0,0,0,0,0,0,0,True
NVDA,2025-03-21,0.016438,1180,Put,160.5,160.35,162.5,1e-05,0,0,0,0,0,0,0,0,0,True
NVDA,2025-03-21,0.016438,1200,Put,176.05,170.6,172.75,1e-05,0,0,0,0,0,0,0,0,0,True
NVDA,2025-03-21,0.016438,1220,Put,187.32,181.25,183.75,1e-05,0,0,0,0,0,0,0,0,0,True
NVDA,2025-03-21,0.016438,1240,Put,225.18,192.15,194.85,1e-05,0,0,0,0,0,0,0,0,0,True
NVDA,2025-03-21,0.016438,1260,Put,215.45,203.5,206.15,1e-05,0,0,0,0,0,0,0,0,0,True
NVDA,2025-03-21,0.016438,1280,Put,252,214.95,217.85,1e-05,0,0,0,0,0,0,0,0,0,True
NVDA,2025-03-21,0.016438,1300,Put,222.04,227.2,229.7,1e-05,0,0,0,0,0,0,0,0,0,True
NVDA,2025-03-21,0.016438,1340,Put,247.45,251.35,256,1e-05,0,0,0,0,0,0,0,0,0,True
NVDA,2025-03-21,0.016438,1360,Put,271.61,264.25,267.05,1e-05,0,0,0,0,0,0,0,0,0,True
NVDA,2025-03-21,0.016438,1370,Put,312.95,270.85,273.75,1e-05,0,0,0,0,0,0,0,0,0,True
NVDA,2025-03-21,0.016438,1380,Put,455.73,277.4,282.25,1e-05,0,0,0,0,0,0,0,0,0,True
NVDA,2025-03-21,0.016438,1390,Put,506.65,284.15,288.8,1e-05,0,0,0,0,0,0,0,0,0,True
NVDA,2025-03-21,0.016438,1400,Put,326.6,290.9,297.4,1e-05,0,0,0,0,0,0,0,0,0,True
NVDA,2025-03-21,0.016438,1410,Put,479.84,295.8,301.75,1e-05,0,0,0,0,0,0,0,0,0,True
NVDA,2025-03-21,0.016438,1420,Put,321.75,302.55,311.65,1e-05,0,0,0,0,0,0,0,0,0,True
NVDA,2025-03-21,0.016438,1430,Put,498.3,309.7,318.55,1e-05,0,0,0,0,0,0,0,0,0,True
NVDA,2025-03-21,0.016438,1440,Put,517.9,316.6,325.7,1e-05,0,0,0,0,0,0,0,0,0,True
NVDA,2025-03-21,0.016438,1450,Put,515.77,323.65,332.1,1e-05,0,0,0,0,0,0,0,0,0,True
NVDA,2025-03-21,0.016438,1460,Put,594.2,576.9,587.3,1e-05,0,0,0,0,0,0,0,0,0,True
NVDA,2025-03-21,0.016438,1470,Put,586.73,583.95,597.5,1e-05,0,0,0,0,0,0,0,0,0,True
NVDA,2025-03-21,0.016438,1480,Put,458.37,345.1,353.7,1e-05,0,0,0,0,0,0,0,0,0,True
NVDA,2025-03-21,0.016438,1490,Put,602.2,606.7,612.95,1e-05,0,0,0,0,0,0,0,0,0,True
NVDA,2025-03-21,0.016438,1500,Put,380,359.95,367.7,1e-05,0,0,0,0,0,0,0,0,0,True
NVDA,2025-03-21,0.016438,1510,Put,691.11,0,0,1e-05,0,0,0,0,0,0,0,0,0,True
NVDA,2025-03-21,0.016438,1520,Put,616.55,641.2,653.95,1e-05,0,0,0,0,0,0,0,0,0,True
NVDA,2025-03-21,0.016438,1530,Put,627.6,698.4,713.8,1e-05,0,0,0,0,0,0,0,0,0,True
NVDA,2025-03-21,0.016438,1540,Put,638.1,658.25,670.1,1e-05,0,0,0,0,0,0,0,0,0,True
NVDA,2025-03-21,0.016438,1550,Put,416,397.6,405.75,1e-05,0,0,0,0,0,0,0,0,0,True
NVDA,2025-03-21,0.016438,1560,Put,657,405.4,414.5,1e-05,0,0,0,0,0,0,0,0,0,True
NVDA,2025-03-21,0.016438,1570,Put,666.55,413.1,421.9,1e-05,0,0,0,0,0,0,0,0,0,True
NVDA,2025-03-21,0.016438,1580,Put,658.8,808,826,1e-05,0,0,0,0,0,0,0,0,0,True
NVDA,2025-03-21,0.016438,1590,Put,729.8,715.45,727.8,1e-05,0,0,0,0,0,0,0,0,0,True
NVDA,2025-03-21,0.016438,1600,Put,658,437,445.2,1e-05,0,0,0,0,0,0,0,0,0,True
NVDA,2025-03-21,0.016438,1610,Put,790.98,0,0,1e-05,0,0,0,0,0,0,0,0,0,True
NVDA,2025-03-21,0.016438,1620,Put,712.4,734.1,747,1e-05,0,0,0,0,0,0,0,0,0,True
NVDA,2025-03-21,0.016438,1650,Put,751.6,763.1,776.55,1e-05,0,0,0,0,0,0,0,0,0,True
NVDA,2025-03-21,0.016438,1660,Put,782.95,534.9,545.2,1e-05,0,0,0,0,0,0,0,0,0,True
NVDA,2025-03-21,0.016438,1680,Put,639.07,503.4,511.1,1e-05,0,0,0,0,0,0,0,0,0,True
NVDA,2025-03-21,0.016438,1690,Put,812.6,589.75,605.2,1e-05,0,0,0,0,0,0,0,0,0,True
NVDA,2025-03-21,0.016438,1700,Put,616.67,518.9,528.4,1e-05,0,0,0,0,0,0,0,0,0,True
NVDA,2025-03-21,0.016438,1710,Put,846.8,831.05,850,1e-05,0,0,0,0,0,0,0,0,0,True
NVDA,2025-03-21,0.016438,1720,Put,808.35,832.3,850,1e-05,0,0,0,0,0,0,0,0,0,True
NVDA,2025-03-21,0.016438,1740,Put,837.65,852.3,870,1e-05,0,0,0,0,0,0,0,0,0,True
NVDA,2025-03-21,0.016438,1760,Put,847.5,872.35,890,1e-05,0,0,0,0,0,0,0,0,0,True
NVDA,2025-03-21,0.016438,1780,Put,862.17,577.1,585.1,1e-05,0,0,0,0,0,0,0,0,0,True
NVDA,2025-03-21,0.016438,1790,Put,912.5,685.55,699.9,1e-05,0,0,0,0,0,0,0,0,0,True
NVDA,2025-03-21,0.016438,1800,Put,710.47,605.35,615.6,1e-05,0,0,0,0,0,0,0,0,0,True
NVDA,2025-03-21,0.016438,1810,Put,856.35,1004,1022,1e-05,0,0,0,0,0,0,0,0,0,True
NVDA,2025-03-21,0.016438,1830,Put,908.95,1058,1078,1e-05,0,0,0,0,0,0,0,0,0,True
NVDA,2025-03-21,0.016438,1880,Put,833.62,679.7,688.3,1e-05,0,0,0,0,0,0,0,0,0,True
NVDA,2025-03-21,0.016438,1900,Put,1028.2,750.05,768,1e-05,0,0,0,0,0,0,0,0,0,True
NVDA,2025-03-21,0.016438,2000,Put,853.89,789.75,803.6,1e-05,0,0,0,0,0,0,0,0,0,True
NVDA,2025-03-21,0.016438,2050,Put,899.07,837.8,851.2,1e-05,0,0,0,0,0,0,0,0,0,True
NVDA,2025-03-21,0.016438,2100,Put,947.78,886.05,899.8,1e-05,0,0,0,0,0,0,0,0,0,True
NVDA,2025-03-21,0.016438,2120,Put,967.42,905.8,919.65,1e-05,0,0,0,0,0,0,0,0,0,True
NVDA,2025-03-21,0.016438,2130,Put,934.72,915.55,929.45,1e-05,0,0,0,0,0,0,0,0,0,True
NVDA,2025-03-21,0.016438,2150,Put,953.62,934.5,949.85,1e-05,0,0,0,0,0,0,0,0,0,True
NVDA,2025-03-21,0.016438,2160,Put,1012.23,945.15,959.85,1e-05,0,0,0,0,0,0,0,0,0,True
NVDA,2025-03-21,0.016438,2200,Put,1047.78,983.55,999.55,1e-05,0,0,0,0,0,0,0,0,0,True
NVDA,2025-03-21,0.016438,2220,Put,1067.4,1003.8,1019.6,1e-05,0,0,0,0,0,0,0,0,0,True
NVDA,2025-03-21,0.016438,2250,Put,1104.6,1032,1051.5,1e-05,0,0,0,0,0,0,0,0,0,True
NVDA,2025-04-17,0.090411,5,Call,116.11,115.6,116.15,4.54688,0,0,0,0,0,0,0,0,0,True
NVDA,2025-04-17,0.090411,10,Call,98.97,110.65,111.3,3.78906,0,0,0,0,0,0,0,0,0,True
NVDA,2025-04-17,0.090411,15,Call,91.3,105.75,106.35,3.28516,0,0,0,0,0,0,0,0,0,True
NVDA,2025-04-17,0.090411,20,Call,88.98,100.7,101.3,2.74219,0,0,0,0,0,0,0,0,0,True
NVDA,2025-04-17,0.090411,25,Call,95.51,95.75,96.4,2.50586,0,0,0,0,0,0,0,0,0,True
NVDA,2025-04-17,0.090411,30,Call,81.52,90.8,91.45,2.27539,0,0,0,0,0,0,0,0,0,True
NVDA,2025-04-17,0.090411,35,Call,73.38,85.95,86.45,2.09766,0,0,0,0,0,0,0,0,0,True
NVDA,2025-04-17,0.090411,40,Call,80.12,80.95,81.45,1.88281,0,0,0,0,0,0,0,0,0,True
NVDA,2025-04-17,0.090411,45,Call,70.17,75.9,76.45,1.67969,0,0,0,0,0,0,0,0,0,True
NVDA,2025-04-17,0.090411,50,Call,70.18,70.95,71.6,1.57324,0,0,0,0,0,0,0,0,0,True
NVDA,2025-04-17,0.090411,55,Call,65.77,65.9,66.5,1.37891,0,0,0,0,0,0,0,0,0,True
NVDA,2025-04-17,0.090411,60,Call,59.85,60.9,61.55,1.25391,0,0,0,0,0,0,0,0,0,True
NVDA,2025-04-17,0.090411,65,Call,56.31,56.35,56.5,1.20752,0,0,0,0,0,0,0,0,0,True
NVDA,2025-04-17,0.090411,70,Call,51.52,51.45,51.65,1.12207,0,0,0,0,0,0,0,0,0,True
NVDA,2025-04-17,0.090411,75,Call,46.65,46.45,46.6,0.994141,0,0,0,0,0,0,0,0,0,True
NVDA,2025-04-17,0.090411,80,Call,42,41.55,41.75,0.91211,0,0,0,0,0,0,0,0,0,True
NVDA,2025-04-17,0.090411,85,Call,36.67,36.55,36.85,0.812502,0,0,0,0,0,0,0,0,0,True
NVDA,2025-04-17,0.090411,90,Call,31.62,31.85,32.05,0.751711,0,0,0,0,0,0,0,0,0,True
NVDA,2025-04-17,0.090411,95,Call,27.3,27.05,27.2,0.670902,0,0,0,0,0,0,0,0,0,True
NVDA,2025-04-17,0.090411,100,Call,22.7,22.5,22.65,0.620365,0.60079,0.003298,22.5733,25.3948,23.4539,0.875917,0.0166445,-28.1902,7.4321,True
NVDA,2025-04-17,0.090411,105,Call,18.45,18.35,18.45,0.591801,0.580262,0.003183,18.3979,20.8096,19.0371,0.818516,0.0193008,-34.1053,9.57148,True
NVDA,2025-04-17,0.090411,110,Call,14.7,14.5,14.6,0.565922,0.560066,0.002316,14.5485,16.5498,14.9428,0.745377,0.0219537,-39.2496,11.6461,True
NVDA,2025-04-17,0.090411,115,Call,11.04,11.05,11.1,0.540532,0.538474,0.002472,11.0734,12.6615,11.3154,0.657384,0.0242429,-42.6037,13.3416,True
NVDA,2025-04-17,0.090411,120,Call,8.18,8.15,8.25,0.526006,0.526975,0.002524,8.19616,9.46848,8.10467,0.556499,0.0252583,-44.2841,14.3359,True
NVDA,2025-04-17,0.090411,125,Call,5.8,5.8,5.85,0.511846,0.514954,0.002524,5.82172,6.79213,5.84347,0.451484,0.0249253,-43.0038,14.3724,False
NVDA,2025-04-17,0.090411,130,Call,3.93,3.95,4,0.501714,0.504607,0.002528,3.97339,4.68431,3.83022,0.349761,0.0231103,-39.1293,13.4416,False
NVDA,2025-04-17,0.090411,135,Call,2.65,2.6,2.62,0.491216,0.496242,0.003077,2.60767,3.11161,2.44581,0.258477,0.0200921,-33.426,11.7364,False
NVDA,2025-04-17,0.090411,140,Call,1.71,1.71,1.73,0.490728,0.496624,0.003436,1.71852,2.08569,1.5699,0.186492,0.0164221,-27.6183,9.73319,False
NVDA,2025-04-17,0.090411,145,Call,1.11,1.09,1.1,0.488531,0,0,0,0,0,0,0,0,0,False
NVDA,2025-04-17,0.090411,150,Call,0.75,0.72,0.74,0.496587,0,0,0,0,0,0,0,0,0,False
NVDA,2025-04-17,0.090411,155,Call,0.49,0.48,0.49,0.50147,0,0,0,0,0,0,0,0,0,False
NVDA,2025-04-17,0.090411,160,Call,0.35,0.35,0.36,0.517583,0,0,0,0,0,0,0,0,0,False
NVDA,2025-04-17,0.090411,165,Call,0.25,0.26,0.27,0.533696,0,0,0,0,0,0,0,0,0,False
NVDA,2025-04-17,0.090411,170,Call,0.2,0.19,0.2,0.54688,0,0,0,0,0,0,0,0,0,False
NVDA,2025-04-17,0.090411,175,Call,0.16,0.15,0.16,0.564457,0,0,0,0,0,0,0,0,0,False
NVDA,2025-04-17,0.090411,180,Call,0.12,0.12,0.13,0.582035,0,0,0,0,0,0,0,0,0,False
NVDA,2025-04-17,0.090411,185,Call,0.1,0.1,0.11,0.601566,0,0,0,0,0,0,0,0,0,False
NVDA,2025-04-17,0.090411,190,Call,0.09,0.08,0.09,0.617191,0,0,0,0,0,0,0,0,0,False
NVDA,2025-04-17,0.090411,195,Call,0.08,0.07,0.08,0.636722,0,0,0,0,0,0,0,0,0,False
NVDA,2025-04-17,0.090411,200,Call,0.07,0.06,0.07,0.6543,0,0,0,0,0,0,0,0,0,False
NVDA,2025-04-17,0.090411,210,Call,0.05,0.05,0.06,0.695316,0,0,0,0,0,0,0,0,0,False
NVDA,2025-04-17,0.090411,220,Call,0.04,0.04,0.05,0.730471,0,0,0,0,0,0,0,0,0,False
NVDA,2025-04-17,0.090411,230,Call,0.03,0.03,0.04,0.757815,0,0,0,0,0,0,0,0,0,False
NVDA,2025-04-17,0.090411,240,Call,0.03,0.03,0.04,0.800783,0,0,0,0,0,0,0,0,0,False
NVDA,2025-04-17,0.090411,250,Call,0.03,0.02,0.03,0.812502,0,0,0,0,0,0,0,0,0,False
NVDA,2025-04-17,0.090411,260,Call,0.02,0.01,0.03,0.835939,0,0,0,0,0,0,0,0,0,False
NVDA,2025-04-17,0.090411,280,Call,0.02,0.01,0.02,0.882814,0,0,0,0,0,0,0,0,0,False
NVDA,2025-04-17,0.090411,290,Call,0.01,0.01,0.02,0.921876,0,0,0,0,0,0,0,0,0,False
NVDA,2025-04-17,0.090411,300,Call,0.01,0,0.02,0.921876,0,0,0,0,0,0,0,0,0,False
NVDA,2025-04-17,0.090411,5,Put,0.01,0,0.01,3.25,0,0,0,0,0,0,0,0,0,False
NVDA,2025-04-17,0.090411,10,Put,0.01,0,0.01,2.5,0,0,0,0,0,0,0,0,0,False
NVDA,2025-04-17,0.090411,15,Put,0.01,0,0.01,2.125,0,0,0,0,0,0,0,0,0,False
NVDA,2025-04-17,0.090411,20,Put,0.01,0,0.01,1.8125,0,0,0,0,0,0,0,0,0,False
NVDA,2025-04-17,0.090411,25,Put,0.01,0.01,0.02,1.75,0,0,0,0,0,0,0,0,0,False
NVDA,2025-04-17,0.090411,30,Put,0.02,0.02,0.03,1.625,0,0,0,0,0,0,0,0,0,False
NVDA,2025-04-17,0.090411,35,Put,0.04,0.03,0.04,1.5,0,0,0,0,0,0,0,0,0,False
NVDA,2025-04-17,0.090411,40,Put,0.04,0.04,0.05,1.38282,0,0,0,0,0,0,0,0,0,False
NVDA,2025-04-17,0.090411,45,Put,0.07,0.06,0.07,1.29297,0,0,0,0,0,0,0,0,0,False
NVDA,2025-04-17,0.090411,50,Put,0.08,0.08,0.09,1.20313,0,0,0,0,0,0,0,0,0,False
NVDA,2025-04-17,0.090411,55,Put,0.1,0.1,0.11,1.10938,0,0,0,0,0,0,0,0,0,False
NVDA,2025-04-17,0.090411,60,Put,0.12,0.12,0.13,1.01954,0,0,0,0,0,0,0,0,0,False
NVDA,2025-04-17,0.090411,65,Put,0.15,0.15,0.16,0.941407,0,0,0,0,0,0,0,0,0,False
NVDA,2025-04-17,0.090411,70,Put,0.2,0.19,0.2,0.869142,0,0,0,0,0,0,0,0,0,False
NVDA,2025-04-17,0.090411,75,Put,0.25,0.25,0.26,0.805666,0,0,0,0,0,0,0,0,0,False
NVDA,2025-04-17,0.090411,80,Put,0.32,0.32,0.33,0.741214,0,0,0,0,0,0,0,0,0,False
NVDA,2025-04-17,0.090411,85,Put,0.42,0.43,0.44,0.684573,0,0,0,0,0,0,0,0,0,False
NVDA,2025-04-17,0.090411,90,Put,0.58,0.58,0.6,0.631351,0,0,0,0,0,0,0,0,0,False
NVDA,2025-04-17,0.090411,95,Put,0.83,0.84,0.86,0.587406,0,0,0,0,0,0,0,0,0,False
NVDA,2025-04-17,0.090411,100,Put,1.28,1.27,1.29,0.552495,0.576815,0.003448,1.27959,0.997747,0.909582,-0.116001,0.00836388,-21.9741,7.08774,False
NVDA,2025-04-17,0.090411,105,Put,2.01,2,2.02,0.528935,0.553706,0.003344,2.00894,1.62857,1.53222,-0.172311,0.0112702,-27.4243,9.26472,False
NVDA,2025-04-17,0.090411,110,Put,3.1,3.05,3.15,0.50916,0.534864,0.002947,3.09837,2.59672,2.49509,-0.247181,0.0142206,-32.5515,11.4642,False
NVDA,2025-04-17,0.090411,115,Put,4.7,4.65,4.75,0.499883,0.523651,0.002438,4.69841,4.04204,4.0309,-0.340064,0.0164598,-36.6246,13.3017,False
NVDA,2025-04-17,0.090411,120,Put,6.75,6.7,6.75,0.479497,0.507546,0.002241,6.72254,5.93581,5.81774,-0.443701,0.0177638,-37.7443,14.3394,False
NVDA,2025-04-17,0.090411,125,Put,9.4,9.35,9.4,0.466802,0.49862,0.002276,9.37226,8.44023,8.62297,-0.552073,0.0172828,-36.436,14.3549,True
NVDA,2025-04-17,0.090411,130,Put,12.5,12.6,12.7,0.462286,0.497843,0.002535,12.6477,11.5476,11.7642,-0.65297,0.0150245,-33.0918,13.3998,True
NVDA,2025-04-17,0.090411,135,Put,16.2,16.25,16.45,0.456548,0.495654,0.003086,16.3474,15.1146,15.4652,-0.741863,0.0118185,-27.736,11.7267,True
NVDA,2025-04-17,0.090411,140,Put,20.07,20.3,20.45,0.435553,0.489074,0.003426,20.3736,19.0719,19.5367,-0.817795,0.00811796,-20.9746,9.59487,True
NVDA,2025-04-17,0.090411,145,Put,24.49,24.8,25,0.4419,0,0,0,0,0,0,0,0,0,True
NVDA,2025-04-17,0.090411,150,Put,29.45,29.5,29.7,0.445806,0,0,0,0,0,0,0,0,0,True
NVDA,2025-04-17,0.090411,155,Put,33.9,34.3,34.5,0.445318,0,0,0,0,0,0,0,0,0,True
NVDA,2025-04-17,0.090411,160,Put,38.75,38.95,39.25,0.328132,0,0,0,0,0,0,0,0,0,True
NVDA,2025-04-17,0.090411,165,Put,45.1,44.05,44.3,0.431646,0,0,0,0,0,0,0,0,0,True
NVDA,2025-04-17,0.090411,170,Put,53.3,49,49.2,1e-05,0,0,0,0,0,0,0,0,0,True
NVDA,2025-04-17,0.090411,175,Put,55.5,53.95,54.3,0.500005,0,0,0,0,0,0,0,0,0,True
NVDA,2025-04-17,0.090411,180,Put,60.6,58.95,59.25,0.445318,0,0,0,0,0,0,0,0,0,True
NVDA,2025-04-17,0.090411,185,Put,63.85,64,64.5,0.68555,0,0,0,0,0,0,0,0,0,True
NVDA,2025-04-17,0.090411,190,Put,67.85,68.85,69.4,0.670902,0,0,0,0,0,0,0,0,0,True
NVDA,2025-04-17,0.090411,195,Put,72.6,73.85,74.35,0.669925,0,0,0,0,0,0,0,0,0,True
NVDA,2025-04-17,0.090411,200,Put,83.55,79,79.45,0.761721,0,0,0,0,0,0,0,0,0,True
NVDA,2025-04-17,0.090411,210,Put,78.4,91.25,91.95,1.28809,0,0,0,0,0,0,0,0,0,True
NVDA,2025-04-17,0.090411,220,Put,81.94,85.05,86.15,1e-05,0,0,0,0,0,0,0,0,0,True
NVDA,2025-04-17,0.090411,230,Put,92.4,95.05,96.15,1e-05,0,0,0,0,0,0,0,0,0,True
NVDA,2025-04-17,0.090411,240,Put,104.7,119.3,121.25,1.26123,0,0,0,0,0,0,0,0,0,True
NVDA,2025-04-17,0.090411,280,Put,143.35,159.15,160.8,1.38721,0,0,0,0,0,0,0,0,0,True
NVDA,2025-04-17,0.090411,290,Put,143.13,155.05,156.15,1e-05,0,0,0,0,0,0,0,0,0,True
NVDA,2025-04-17,0.090411,300,Put,172.9,179,179.5,0.937501,0,0,0,0,0,0,0,0,0,True
NVDA,2025-05-16,0.169863,5,Call,111.32,115.8,116.4,4.01954,0,0,0,0,0,0,0,0,0,True
NVDA,2025-05-16,0.169863,10,Call,107.1,110.8,111.4,3.03321,0,0,0,0,0,0,0,0,0,True
NVDA,2025-05-16,0.169863,15,Call,91.26,105.7,106.3,2.38282,0,0,0,0,0,0,0,0,0,True
NVDA,2025-05-16,0.169863,20,Call,91.38,100.85,101.45,2.20118,0,0,0,0,0,0,0,0,0,True
NVDA,2025-05-16,0.169863,25,Call,104.2,95.9,96.55,1.98535,0,0,0,0,0,0,0,0,0,True
NVDA,2025-05-16,0.169863,30,Call,78.57,90.85,91.5,1.72852,0,0,0,0,0,0,0,0,0,True
NVDA,2025-05-16,0.169863,35,Call,76.96,85.9,86.5,1.55957,0,0,0,0,0,0,0,0,0,True
NVDA,2025-05-16,0.169863,40,Call,80.66,81.1,81.75,1.50586,0,0,0,0,0,0,0,0,0,True
NVDA,2025-05-16,0.169863,45,Call,62.26,76.15,76.75,1.3667,0,0,0,0,0,0,0,0,0,True
NVDA,2025-05-16,0.169863,50,Call,71.63,71.2,71.85,1.25879,0,0,0,0,0,0,0,0,0,True
NVDA,2025-05-16,0.169863,55,Call,66.45,66.35,66.9,1.16504,0,0,0,0,0,0,0,0,0,True
NVDA,2025-05-16,0.169863,60,Call,61.35,61.5,61.7,1.04493,0,0,0,0,0,0,0,0,0,True
NVDA,2025-05-16,0.169863,65,Call,51.45,56.7,56.95,0.990723,0,0,0,0,0,0,0,0,0,True
NVDA,2025-05-16,0.169863,70,Call,51.65,51.6,52.05,0.890138,0,0,0,0,0,0,0,0,0,True
NVDA,2025-05-16,0.169863,75,Call,45.95,47,47.2,0.841798,0,0,0,0,0,0,0,0,0,True
NVDA,2025-05-16,0.169863,80,Call,42.2,41.95,42.3,0.752444,0,0,0,0,0,0,0,0,0,True
NVDA,2025-05-16,0.169863,85,Call,38.07,37.35,37.6,0.708011,0,0,0,0,0,0,0,0,0,True
NVDA,2025-05-16,0.169863,90,Call,33.04,32.8,32.95,0.661747,0,0,0,0,0,0,0,0,0,True
NVDA,2025-05-16,0.169863,95,Call,28.52,28.35,28.55,0.623783,0,0,0,0,0,0,0,0,0,True
NVDA,2025-05-16,0.169863,100,Call,24.25,24.2,24.4,0.59644,0.565415,0.003459,24.2987,28.6957,25.9667,0.830452,0.0158567,-24.1072,12.5707,True
NVDA,2025-05-16,0.169863,105,Call,20.46,20.3,20.45,0.570317,0.545624,0.002971,20.3742,24.1191,21.7274,0.777955,0.0174059,-26.8735,14.8115,True
NVDA,2025-05-16,0.169863,110,Call,16.8,16.75,16.9,0.551396,0.531944,0.002648,16.8241,20.0373,17.9157,0.714678,0.0187511,-29.3812,16.9033,True
NVDA,2025-05-16,0.169863,115,Call,13.61,13.55,13.65,0.533269,0.517848,0.002492,13.5982,16.287,14.4357,0.643711,0.0197979,-30.9691,18.5479,True
NVDA,2025-05-16,0.169863,120,Call,11,10.8,10.9,0.521855,0.509675,0.002524,10.847,13.1173,11.4602,0.566823,0.0202055,-31.7882,19.5718,True
NVDA,2025-05-16,0.169863,125,Call,8.49,8.45,8.5,0.510869,0.501214,0.002672,8.47375,10.3402,8.9753,0.488043,0.0200299,-31.3952,19.8423,False
NVDA,2025-05-16,0.169863,130,Call,6.47,6.5,6.55,0.502935,0.495395,0.002562,6.52313,8.04887,6.86124,0.411044,0.0191841,-30.0386,19.3535,False
NVDA,2025-05-16,0.169863,135,Call,4.95,4.9,4.95,0.496953,0.489618,0.002341,4.92309,6.14143,5.15853,0.338359,0.0178138,-27.7399,18.1963,False
NVDA,2025-05-16,0.169863,140,Call,3.64,3.65,3.75,0.495,0.4874,0.002835,3.69778,4.67716,3.8554,0.273967,0.016002,-25.0132,16.571,False
NVDA,2025-05-16,0.169863,145,Call,2.74,2.72,2.74,0.488775,0,0,0,0,0,0,0,0,0,False
NVDA,2025-05-16,0.169863,150,Call,2.02,2,2.02,0.48731,0,0,0,0,0,0,0,0,0,False
NVDA,2025-05-16,0.169863,155,Call,1.55,1.49,1.51,0.489507,0,0,0,0,0,0,0,0,0,False
NVDA,2025-05-16,0.169863,160,Call,1.16,1.12,1.14,0.493413,0,0,0,0,0,0,0,0,0,False
NVDA,2025-05-16,0.169863,165,Call,0.88,0.86,0.87,0.498784,0,0,0,0,0,0,0,0,0,False
NVDA,2025-05-16,0.169863,170,Call,0.68,0.66,0.68,0.504644,0,0,0,0,0,0,0,0,0,False
NVDA,2025-05-16,0.169863,175,Call,0.54,0.53,0.55,0.514653,0,0,0,0,0,0,0,0,0,False
NVDA,2025-05-16,0.169863,180,Call,0.44,0.43,0.44,0.523442,0,0,0,0,0,0,0,0,0,False
NVDA,2025-05-16,0.169863,185,Call,0.35,0.36,0.37,0.535161,0,0,0,0,0,0,0,0,0,False
NVDA,2025-05-16,0.169863,190,Call,0.29,0.29,0.3,0.542973,0,0,0,0,0,0,0,0,0,False
NVDA,2025-05-16,0.169863,195,Call,0.25,0.25,0.26,0.55518,0,0,0,0,0,0,0,0,0,False
NVDA,2025-05-16,0.169863,200,Call,0.22,0.21,0.23,0.566411,0,0,0,0,0,0,0,0,0,False
NVDA,2025-05-16,0.169863,210,Call,0.17,0.16,0.17,0.587895,0,0,0,0,0,0,0,0,0,False
NVDA,2025-05-16,0.169863,220,Call,0.12,0.13,0.14,0.612309,0,0,0,0,0,0,0,0,0,False
NVDA,2025-05-16,0.169863,230,Call,0.1,0.09,0.1,0.623051,0,0,0,0,0,0,0,0,0,False
NVDA,2025-05-16,0.169863,240,Call,0.09,0.08,0.09,0.649418,0,0,0,0,0,0,0,0,0,False
NVDA,2025-05-16,0.169863,250,Call,0.07,0.07,0.08,0.671878,0,0,0,0,0,0,0,0,0,False
NVDA,2025-05-16,0.169863,260,Call,0.08,0.06,0.07,0.693362,0,0,0,0,0,0,0,0,0,False
NVDA,2025-05-16,0.169863,270,Call,0.05,0.05,0.06,0.71094,0,0,0,0,0,0,0,0,0,False
NVDA,2025-05-16,0.169863,280,Call,0.05,0.04,0.05,0.722659,0,0,0,0,0,0,0,0,0,False
NVDA,2025-05-16,0.169863,290,Call,0.05,0.03,0.05,0.740237,0,0,0,0,0,0,0,0,0,False
NVDA,2025-05-16,0.169863,300,Call,0.03,0.03,0.04,0.753909,0,0,0,0,0,0,0,0,0,False
NVDA,2025-05-16,0.169863,5,Put,0.01,0,0.01,2.375,0,0,0,0,0,0,0,0,0,False
NVDA,2025-05-16,0.169863,10,Put,0.01,0,0.01,1.875,0,0,0,0,0,0,0,0,0,False
NVDA,2025-05-16,0.169863,15,Put,0.01,0,0.02,1.65625,0,0,0,0,0,0,0,0,0,False
NVDA,2025-05-16,0.169863,20,Put,0.04,0.01,0.02,1.46875,0,0,0,0,0,0,0,0,0,False
NVDA,2025-05-16,0.169863,25,Put,0.03,0.02,0.03,1.35938,0,0,0,0,0,0,0,0,0,False
NVDA,2025-05-16,0.169863,30,Put,0.04,0.04,0.05,1.27735,0,0,0,0,0,0,0,0,0,False
NVDA,2025-05-16,0.169863,35,Put,0.06,0.05,0.06,1.16407,0,0,0,0,0,0,0,0,0,False
NVDA,2025-05-16,0.169863,40,Put,0.08,0.07,0.08,1.08204,0,0,0,0,0,0,0,0,0,False
NVDA,2025-05-16,0.169863,45,Put,0.11,0.1,0.11,1.01563,0,0,0,0,0,0,0,0,0,False
NVDA,2025-05-16,0.169863,50,Put,0.13,0.13,0.14,0.94336,0,0,0,0,0,0,0,0,0,False
NVDA,2025-05-16,0.169863,55,Put,0.18,0.17,0.18,0.880861,0,0,0,0,0,0,0,0,0,False
NVDA,2025-05-16,0.169863,60,Put,0.24,0.23,0.24,0.82715,0,0,0,0,0,0,0,0,0,False
NVDA,2025-05-16,0.169863,65,Put,0.31,0.3,0.31,0.77344,0,0,0,0,0,0,0,0,0,False
NVDA,2025-05-16,0.169863,70,Put,0.39,0.39,0.41,0.725589,0,0,0,0,0,0,0,0,0,False
NVDA,2025-05-16,0.169863,75,Put,0.52,0.51,0.52,0.677249,0,0,0,0,0,0,0,0,0,False
NVDA,2025-05-16,0.169863,80,Put,0.68,0.67,0.68,0.633793,0,0,0,0,0,0,0,0,0,False
NVDA,2025-05-16,0.169863,85,Put,0.9,0.9,0.92,0.596195,0,0,0,0,0,0,0,0,0,False
NVDA,2025-05-16,0.169863,90,Put,1.23,1.24,1.25,0.562749,0,0,0,0,0,0,0,0,0,False
NVDA,2025-05-16,0.169863,95,Put,1.76,1.74,1.77,0.536748,0,0,0,0,0,0,0,0,0,False
NVDA,2025-05-16,0.169863,100,Put,2.5,2.5,2.51,0.516606,0.537622,0.003365,2.50466,1.90891,2.00868,-0.160225,0.00777529,-18.2637,12.1179,False
NVDA,2025-05-16,0.169863,105,Put,3.53,3.55,3.6,0.501836,0.52433,0.002741,3.57432,2.81899,2.96933,-0.215513,0.00942884,-21.2355,14.5598,False
NVDA,2025-05-16,0.169863,110,Put,5,4.95,5,0.489629,0.512505,0.002527,4.97294,4.04368,4.25644,-0.280789,0.0108935,-23.6852,16.7736,False
NVDA,2025-05-16,0.169863,115,Put,6.75,6.7,6.8,0.478033,0.502097,0.002155,6.74847,5.63513,5.91401,-0.354442,0.0119576,-25.2983,18.513,False
NVDA,2025-05-16,0.169863,120,Put,8.9,8.9,8.95,0.464117,0.492743,0.002406,8.92307,7.62911,7.96694,-0.433692,0.0124546,-25.8379,19.5779,False
NVDA,2025-05-16,0.169863,125,Put,11.6,11.5,11.6,0.454778,0.486295,0.002364,11.5493,10.0679,10.5562,-0.514811,0.0122102,-25.3161,19.8375,True
NVDA,2025-05-16,0.169863,130,Put,14.57,14.65,14.75,0.450079,0.487092,0.002542,14.6994,12.9841,13.5761,-0.591766,0.0111195,-24.1032,19.3232,True
NVDA,2025-05-16,0.169863,135,Put,18.01,18,18.1,0.435675,0.47997,0.002392,18.0496,16.2065,16.893,-0.666128,0.00971461,-21.4566,18.1033,True
NVDA,2025-05-16,0.169863,140,Put,21.58,21.75,21.9,0.426519,0.478935,0.00291,21.8243,19.8194,20.6105,-0.730675,0.0078035,-18.559,16.4318,True
NVDA,2025-05-16,0.169863,145,Put,25.83,25.85,26.2,0.432257,0,0,0,0,0,0,0,0,0,True
NVDA,2025-05-16,0.169863,150,Put,30.4,30.3,30.5,0.421148,0,0,0,0,0,0,0,0,0,True
NVDA,2025-05-16,0.169863,155,Put,34.75,34.8,35.15,0.426519,0,0,0,0,0,0,0,0,0,True
NVDA,2025-05-16,0.169863,160,Put,40.7,39.4,39.6,0.381354,0,0,0,0,0,0,0,0,0,True
NVDA,2025-05-16,0.169863,165,Put,45.4,44.3,44.6,0.414068,0,0,0,0,0,0,0,0,0,True
NVDA,2025-05-16,0.169863,170,Put,49.45,49.15,49.55,0.433599,0,0,0,0,0,0,0,0,0,True
NVDA,2025-05-16,0.169863,175,Put,65.85,54,54.2,1e-05,0,0,0,0,0,0,0,0,0,True
NVDA,2025-05-16,0.169863,180,Put,65.35,59,59.5,0.476568,0,0,0,0,0,0,0,0,0,True
NVDA,2025-05-16,0.169863,185,Put,57.42,63.8,64.35,0.441412,0,0,0,0,0,0,0,0,0,True
NVDA,2025-05-16,0.169863,190,Put,76.02,69.05,69.5,0.528325,0,0,0,0,0,0,0,0,0,True
NVDA,2025-05-16,0.169863,195,Put,72.2,73.95,74.5,0.552739,0,0,0,0,0,0,0,0,0,True
NVDA,2025-05-16,0.169863,200,Put,78.5,78.85,79.3,0.468755,0,0,0,0,0,0,0,0,0,True
NVDA,2025-05-16,0.169863,210,Put,84.1,88.9,89.35,0.550786,0,0,0,0,0,0,0,0,0,True
NVDA,2025-05-16,0.169863,220,Put,93.1,98.95,99.3,0.544926,0,0,0,0,0,0,0,0,0,True
NVDA,2025-05-16,0.169863,230,Put,102.85,108.85,109.35,0.62598,0,0,0,0,0,0,0,0,0,True
NVDA,2025-05-16,0.169863,240,Put,124.82,119,119.5,0.74219,0,0,0,0,0,0,0,0,0,True
NVDA,2025-05-16,0.169863,260,Put,142.85,138.85,139.35,0.726565,0,0,0,0,0,0,0,0,0,True
NVDA,2025-05-16,0.169863,290,Put,153.7,169.35,170.6,1.05616,0,0,0,0,0,0,0,0,0,True
NVDA,2025-05-16,0.169863,300,Put,176.8,187,187.55,1.83252,0,0,0,0,0,0,0,0,0,True
