,ticker,expiration,timeToMaturity,strike,optionType,lastPrice,bid,ask,impliedVolatility,inTheMoney,spotPrice,interestRate
0,NVDA,2025-03-21,0.016438,5.0,Call,115.0,115.6,116.1,9.187504257812499,True,120.742897,4.188
1,NVDA,2025-03-21,0.016438,10.0,Call,98.92,110.6,111.1,7.0312512109375005,True,120.742897,4.188
2,NVDA,2025-03-21,0.016438,15.0,Call,91.75,105.75,106.2,6.570314287109376,True,120.742897,4.188
3,NVDA,2025-03-21,0.016438,20.0,Call,100.8,100.75,101.2,5.648440439453125,True,120.742897,4.188
4,NVDA,2025-03-21,0.016438,25.0,Call,95.37,95.7,96.15,4.765629042968749,True,120.742897,4.188
5,NVDA,2025-03-21,0.016438,30.0,Call,78.15,90.75,91.2,4.39062951171875,True,120.742897,4.188
6,NVDA,2025-03-21,0.016438,32.0,Call,79.32,88.75,89.2,4.191411010742188,True,120.742897,4.188
7,NVDA,2025-03-21,0.016438,33.0,Call,78.83,87.7,88.15,3.94531263671875,True,120.742897,4.188
8,NVDA,2025-03-21,0.016438,34.0,Call,78.77,86.6,87.1,3.57031357421875,True,120.742897,4.188
9,NVDA,2025-03-21,0.016438,35.0,Call,73.18,85.75,86.2,3.9218751953125004,True,120.742897,4.188
10,NVDA,2025-03-21,0.016438,36.0,Call,81.73,84.6,85.1,3.41406396484375,True,120.742897,4.188
11,NVDA,2025-03-21,0.016438,37.0,Call,73.51,83.7,84.2,3.6875007812500002,True,120.742897,4.188
12,NVDA,2025-03-21,0.016438,38.0,Call,77.3,82.65,83.15,3.46093884765625,True,120.742897,4.188
13,NVDA,2025-03-21,0.016438,39.0,Call,68.2,81.7,82.2,3.5312511718749997,True,120.742897,4.188
14,NVDA,2025-03-21,0.016438,40.0,Call,80.29,80.65,81.1,3.2265644335937496,True,120.742897,4.188
15,NVDA,2025-03-21,0.016438,41.0,Call,84.82,79.7,80.2,3.3828140429687497,True,120.742897,4.188
16,NVDA,2025-03-21,0.016438,42.0,Call,80.28,78.65,79.15,3.175783310546875,True,120.742897,4.188
17,NVDA,2025-03-21,0.016438,43.0,Call,77.95,77.7,78.2,3.2421893945312497,True,120.742897,4.188
18,NVDA,2025-03-21,0.016438,44.0,Call,89.35,76.7,77.2,3.175783310546875,True,120.742897,4.188
19,NVDA,2025-03-21,0.016438,45.0,Call,70.33,75.7,76.2,3.1093772265624997,True,120.742897,4.188
20,NVDA,2025-03-21,0.016438,46.0,Call,85.95,74.65,75.1,2.843752890625,True,120.742897,4.188
21,NVDA,2025-03-21,0.016438,47.0,Call,67.87,73.65,74.15,2.8593778515625,True,120.742897,4.188
22,NVDA,2025-03-21,0.016438,48.0,Call,73.2,72.65,73.15,2.7968780078125004,True,120.742897,4.188
23,NVDA,2025-03-21,0.016438,49.0,Call,72.3,71.75,72.25,2.9609400976562497,True,120.742897,4.188
24,NVDA,2025-03-21,0.016438,50.0,Call,70.47,70.75,71.2,2.85156537109375,True,120.742897,4.188
25,NVDA,2025-03-21,0.016438,52.0,Call,66.55,68.75,69.25,2.7812530468750003,True,120.742897,4.188
26,NVDA,2025-03-21,0.016438,54.0,Call,52.32,66.8,67.3,2.746096884765625,True,120.742897,4.188
27,NVDA,2025-03-21,0.016438,55.0,Call,60.0,65.7,66.1,2.4140664648437498,True,120.742897,4.188
28,NVDA,2025-03-21,0.016438,56.0,Call,59.25,64.85,65.2,2.5957066357421876,True,120.742897,4.188
29,NVDA,2025-03-21,0.016438,58.0,Call,58.36,62.6,63.1,2.1328171679687498,True,120.742897,4.188
30,NVDA,2025-03-21,0.016438,60.0,Call,60.96,60.65,61.0,1.9609376953125,True,120.742897,4.188
31,NVDA,2025-03-21,0.016438,62.0,Call,48.65,58.7,59.1,2.0742235644531246,True,120.742897,4.188
32,NVDA,2025-03-21,0.016438,64.0,Call,49.6,56.85,57.2,2.1875045312499997,True,120.742897,4.188
33,NVDA,2025-03-21,0.016438,65.0,Call,55.85,55.7,56.2,2.031254921875,True,120.742897,4.188
34,NVDA,2025-03-21,0.016438,66.0,Call,49.5,54.6,55.15,1.8476570117187499,True,120.742897,4.188
35,NVDA,2025-03-21,0.016438,68.0,Call,53.4,52.7,53.2,1.896484892578125,True,120.742897,4.188
36,NVDA,2025-03-21,0.016438,70.0,Call,50.88,50.65,51.1,1.68359533203125,True,120.742897,4.188
37,NVDA,2025-03-21,0.016438,71.0,Call,48.95,49.8,50.2,1.8359383203124997,True,120.742897,4.188
38,NVDA,2025-03-21,0.016438,72.0,Call,48.85,48.95,49.15,1.8515632421875,True,120.742897,4.188
39,NVDA,2025-03-21,0.016438,73.0,Call,48.05,47.8,48.15,1.720704521484375,True,120.742897,4.188
40,NVDA,2025-03-21,0.016438,74.0,Call,46.8,46.8,47.1,1.646486142578125,True,120.742897,4.188
41,NVDA,2025-03-21,0.016438,75.0,Call,45.45,45.85,46.15,1.6679704101562502,True,120.742897,4.188
42,NVDA,2025-03-21,0.016438,76.0,Call,44.8,44.8,45.0,1.4960962695312499,True,120.742897,4.188
43,NVDA,2025-03-21,0.016438,77.0,Call,44.05,43.85,44.2,1.61328318359375,True,120.742897,4.188
44,NVDA,2025-03-21,0.016438,78.0,Call,39.15,42.7,43.1,1.421877890625,True,120.742897,4.188
45,NVDA,2025-03-21,0.016438,79.0,Call,42.1,41.8,42.05,1.419924775390625,True,120.742897,4.188
46,NVDA,2025-03-21,0.016438,80.0,Call,40.71,40.85,41.05,1.4140654296875002,True,120.742897,4.188
47,NVDA,2025-03-21,0.016438,81.0,Call,38.95,39.95,40.0,1.404299853515625,True,120.742897,4.188
48,NVDA,2025-03-21,0.016438,82.0,Call,39.0,38.85,39.05,1.3398470507812497,True,120.742897,4.188
49,NVDA,2025-03-21,0.016438,83.0,Call,36.85,37.85,38.25,1.4013701806640624,True,120.742897,4.188
50,NVDA,2025-03-21,0.016438,84.0,Call,37.1,36.9,37.05,1.29297228515625,True,120.742897,4.188
51,NVDA,2025-03-21,0.016438,85.0,Call,36.0,36.0,36.15,1.3457063964843747,True,120.742897,4.188
52,NVDA,2025-03-21,0.016438,86.0,Call,34.6,35.0,35.2,1.3261752441406247,True,120.742897,4.188
53,NVDA,2025-03-21,0.016438,88.0,Call,33.2,32.9,33.05,1.150394873046875,True,120.742897,4.188
54,NVDA,2025-03-21,0.016438,90.0,Call,31.2,31.0,31.1,1.140629296875,True,120.742897,4.188
55,NVDA,2025-03-21,0.016438,92.0,Call,29.05,28.95,29.05,1.0312548437500002,True,120.742897,4.188
56,NVDA,2025-03-21,0.016438,94.0,Call,27.05,27.05,27.2,1.0449266503906252,True,120.742897,4.188
57,NVDA,2025-03-21,0.016438,95.0,Call,26.3,26.0,26.1,0.96289099609375,True,120.742897,4.188
58,NVDA,2025-03-21,0.016438,96.0,Call,25.27,25.1,25.2,0.9863282617187501,True,120.742897,4.188
59,NVDA,2025-03-21,0.016438,98.0,Call,23.37,22.95,23.1,0.8437515624999999,True,120.742897,4.188
60,NVDA,2025-03-21,0.016438,100.0,Call,21.35,21.2,21.25,0.87695435546875,True,120.742897,4.188
61,NVDA,2025-03-21,0.016438,102.0,Call,19.25,19.15,19.25,0.7939473730468749,True,120.742897,4.188
62,NVDA,2025-03-21,0.016438,104.0,Call,17.25,17.3,17.4,0.7778342529296876,True,120.742897,4.188
63,NVDA,2025-03-21,0.016438,105.0,Call,16.3,16.3,16.4,0.7402369726562499,True,120.742897,4.188
64,NVDA,2025-03-21,0.016438,106.0,Call,15.35,15.35,15.45,0.7187528125,True,120.742897,4.188
65,NVDA,2025-03-21,0.016438,108.0,Call,13.6,13.6,13.7,0.710940390625,True,120.742897,4.188
66,NVDA,2025-03-21,0.016438,110.0,Call,11.62,11.7,11.8,0.6528355029296876,True,120.742897,4.188
67,NVDA,2025-03-21,0.016438,112.0,Call,10.1,10.1,10.15,0.6457554956054687,True,120.742897,4.188
68,NVDA,2025-03-21,0.016438,114.0,Call,8.6,8.55,8.6,0.6337927246093751,True,120.742897,4.188
69,NVDA,2025-03-21,0.016438,115.0,Call,7.65,7.8,7.85,0.6254920263671876,True,120.742897,4.188
70,NVDA,2025-03-21,0.016438,116.0,Call,6.95,7.0,7.05,0.6044961425781252,True,120.742897,4.188
71,NVDA,2025-03-21,0.016438,118.0,Call,5.65,5.65,5.7,0.5888712988281251,True,120.742897,4.188
72,NVDA,2025-03-21,0.016438,120.0,Call,4.5,4.45,4.5,0.5744671459960937,True,120.742897,4.188
73,NVDA,2025-03-21,0.016438,122.0,Call,3.5,3.5,3.55,0.5742230078125,False,120.742897,4.188
74,NVDA,2025-03-21,0.016438,124.0,Call,2.62,2.64,2.65,0.5620160986328125,False,120.742897,4.188
75,NVDA,2025-03-21,0.016438,125.0,Call,2.25,2.25,2.27,0.5554243676757813,False,120.742897,4.188
76,NVDA,2025-03-21,0.016438,126.0,Call,1.87,1.88,1.9,0.5454147021484376,False,120.742897,4.188
77,NVDA,2025-03-21,0.016438,128.0,Call,1.4,1.37,1.39,0.5449264257812501,False,120.742897,4.188
78,NVDA,2025-03-21,0.016438,129.0,Call,1.15,1.14,1.15,0.5400436621093752,False,120.742897,4.188
79,NVDA,2025-03-21,0.016438,130.0,Call,0.95,0.95,0.96,0.5380905566406251,False,120.742897,4.188
80,NVDA,2025-03-21,0.016438,131.0,Call,0.8,0.78,0.79,0.5346726220703125,False,120.742897,4.188
81,NVDA,2025-03-21,0.016438,132.0,Call,0.67,0.65,0.66,0.5351608984375,False,120.742897,4.188
82,NVDA,2025-03-21,0.016438,133.0,Call,0.54,0.54,0.56,0.5376022802734376,False,120.742897,4.188
83,NVDA,2025-03-21,0.016438,134.0,Call,0.45,0.45,0.46,0.5380905566406251,False,120.742897,4.188
84,NVDA,2025-03-21,0.016438,135.0,Call,0.37,0.37,0.38,0.5385788330078126,False,120.742897,4.188
85,NVDA,2025-03-21,0.016438,136.0,Call,0.32,0.31,0.32,0.5419967675781252,False,120.742897,4.188
86,NVDA,2025-03-21,0.016438,137.0,Call,0.26,0.25,0.26,0.5419967675781252,False,120.742897,4.188
87,NVDA,2025-03-21,0.016438,138.0,Call,0.22,0.22,0.23,0.5507857421875001,False,120.742897,4.188
88,NVDA,2025-03-21,0.016438,139.0,Call,0.18,0.18,0.19,0.55273884765625,False,120.742897,4.188
89,NVDA,2025-03-21,0.016438,140.0,Call,0.16,0.15,0.16,0.5566450585937501,False,120.742897,4.188
90,NVDA,2025-03-21,0.016438,141.0,Call,0.14,0.13,0.14,0.5644574804687501,False,120.742897,4.188
91,NVDA,2025-03-21,0.016438,142.0,Call,0.11,0.11,0.12,0.569340244140625,False,120.742897,4.188
92,NVDA,2025-03-21,0.016438,143.0,Call,0.1,0.09,0.1,0.5722699023437501,False,120.742897,4.188
93,NVDA,2025-03-21,0.016438,144.0,Call,0.08,0.08,0.09,0.5820354296875,False,120.742897,4.188
94,NVDA,2025-03-21,0.016438,145.0,Call,0.07,0.07,0.08,0.5898478515625001,False,120.742897,4.188
95,NVDA,2025-03-21,0.016438,146.0,Call,0.07,0.06,0.07,0.59570716796875,False,120.742897,4.188
96,NVDA,2025-03-21,0.016438,147.0,Call,0.06,0.05,0.06,0.5976602734375001,False,120.742897,4.188
97,NVDA,2025-03-21,0.016438,148.0,Call,0.06,0.05,0.06,0.6171913281250001,False,120.742897,4.188
98,NVDA,2025-03-21,0.016438,149.0,Call,0.05,0.05,0.06,0.632816171875,False,120.742897,4.188
99,NVDA,2025-03-21,0.016438,150.0,Call,0.04,0.04,0.05,0.632816171875,False,120.742897,4.188
100,NVDA,2025-03-21,0.016438,151.0,Call,0.04,0.04,0.05,0.6523472265625001,False,120.742897,4.188
101,NVDA,2025-03-21,0.016438,152.0,Call,0.03,0.03,0.04,0.648441015625,False,120.742897,4.188
102,NVDA,2025-03-21,0.016438,152.5,Call,0.03,0.03,0.04,0.6562534375000001,False,120.742897,4.188
103,NVDA,2025-03-21,0.016438,153.0,Call,0.04,0.03,0.04,0.6640658593750002,False,120.742897,4.188
104,NVDA,2025-03-21,0.016438,154.0,Call,0.04,0.03,0.04,0.6796907031250001,False,120.742897,4.188
105,NVDA,2025-03-21,0.016438,155.0,Call,0.03,0.02,0.03,0.6679720703125002,False,120.742897,4.188
106,NVDA,2025-03-21,0.016438,156.0,Call,0.03,0.02,0.03,0.6796907031250001,False,120.742897,4.188
107,NVDA,2025-03-21,0.016438,157.0,Call,0.03,0.02,0.03,0.6953155468750001,False,120.742897,4.188
108,NVDA,2025-03-21,0.016438,157.5,Call,0.03,0.02,0.03,0.70312796875,False,120.742897,4.188
109,NVDA,2025-03-21,0.016438,158.0,Call,0.02,0.02,0.03,0.710940390625,False,120.742897,4.188
110,NVDA,2025-03-21,0.016438,159.0,Call,0.03,0.02,0.03,0.726565234375,False,120.742897,4.188
111,NVDA,2025-03-21,0.016438,160.0,Call,0.02,0.02,0.03,0.7421900781249999,False,120.742897,4.188
112,NVDA,2025-03-21,0.016438,161.0,Call,0.02,0.02,0.03,0.7578149218750001,False,120.742897,4.188
113,NVDA,2025-03-21,0.016438,162.0,Call,0.01,0.01,0.02,0.73437765625,False,120.742897,4.188
114,NVDA,2025-03-21,0.016438,162.5,Call,0.02,0.01,0.02,0.73437765625,False,120.742897,4.188
115,NVDA,2025-03-21,0.016438,163.0,Call,0.01,0.01,0.02,0.7421900781249999,False,120.742897,4.188
116,NVDA,2025-03-21,0.016438,164.0,Call,0.02,0.01,0.02,0.7578149218750001,False,120.742897,4.188
117,NVDA,2025-03-21,0.016438,165.0,Call,0.02,0.01,0.02,0.7656273437500001,False,120.742897,4.188
118,NVDA,2025-03-21,0.016438,166.0,Call,0.01,0.01,0.02,0.7812521875,False,120.742897,4.188
119,NVDA,2025-03-21,0.016438,167.0,Call,0.02,0.01,0.02,0.79687703125,False,120.742897,4.188
120,NVDA,2025-03-21,0.016438,168.0,Call,0.02,0.01,0.02,0.8125018749999999,False,120.742897,4.188
121,NVDA,2025-03-21,0.016438,169.0,Call,0.03,0.01,0.02,0.8203142968749999,False,120.742897,4.188
122,NVDA,2025-03-21,0.016438,170.0,Call,0.01,0.01,0.02,0.8359391406249999,False,120.742897,4.188
123,NVDA,2025-03-21,0.016438,171.0,Call,0.01,0.01,0.02,0.8437515624999999,False,120.742897,4.188
124,NVDA,2025-03-21,0.016438,172.0,Call,0.02,0.01,0.02,0.85937640625,False,120.742897,4.188
125,NVDA,2025-03-21,0.016438,173.0,Call,0.01,0.01,0.02,0.87500125,False,120.742897,4.188
126,NVDA,2025-03-21,0.016438,174.0,Call,0.01,0.0,0.01,0.8125018749999999,False,120.742897,4.188
127,NVDA,2025-03-21,0.016438,175.0,Call,0.01,0.0,0.01,0.8125018749999999,False,120.742897,4.188
128,NVDA,2025-03-21,0.016438,176.0,Call,0.01,0.0,0.01,0.8125018749999999,False,120.742897,4.188
129,NVDA,2025-03-21,0.016438,177.0,Call,0.01,0.0,0.01,0.8437515624999999,False,120.742897,4.188
130,NVDA,2025-03-21,0.016438,178.0,Call,0.02,0.0,0.01,0.8437515624999999,False,120.742897,4.188
131,NVDA,2025-03-21,0.016438,179.0,Call,0.02,0.0,0.01,0.8437515624999999,False,120.742897,4.188
132,NVDA,2025-03-21,0.016438,180.0,Call,0.01,0.0,0.01,0.87500125,False,120.742897,4.188
133,NVDA,2025-03-21,0.016438,181.0,Call,0.01,0.0,0.01,0.87500125,False,120.742897,4.188
134,NVDA,2025-03-21,0.016438,182.0,Call,0.01,0.0,0.01,0.87500125,False,120.742897,4.188
135,NVDA,2025-03-21,0.016438,183.0,Call,0.03,0.0,0.01,0.9062509375,False,120.742897,4.188
136,NVDA,2025-03-21,0.016438,184.0,Call,0.01,0.0,0.01,0.9062509375,False,120.742897,4.188
137,NVDA,2025-03-21,0.016438,185.0,Call,0.01,0.0,0.01,0.9062509375,False,120.742897,4.188
138,NVDA,2025-03-21,0.016438,186.0,Call,0.01,0.0,0.01,0.937500625,False,120.742897,4.188
139,NVDA,2025-03-21,0.016438,187.0,Call,0.02,0.0,0.01,0.937500625,False,120.742897,4.188
140,NVDA,2025-03-21,0.016438,188.0,Call,0.01,0.0,0.01,0.937500625,False,120.742897,4.188
141,NVDA,2025-03-21,0.016438,189.0,Call,0.02,0.0,0.01,0.9687503125,False,120.742897,4.188
142,NVDA,2025-03-21,0.016438,190.0,Call,0.01,0.0,0.01,0.9687503125,False,120.742897,4.188
143,NVDA,2025-03-21,0.016438,191.0,Call,0.01,0.0,0.01,0.9687503125,False,120.742897,4.188
144,NVDA,2025-03-21,0.016438,192.0,Call,0.01,0.0,0.01,0.98437515625,False,120.742897,4.188
145,NVDA,2025-03-21,0.016438,193.0,Call,0.01,0.0,0.01,1.000005,False,120.742897,4.188
146,NVDA,2025-03-21,0.016438,194.0,Call,0.01,0.0,0.01,1.000005,False,120.742897,4.188
147,NVDA,2025-03-21,0.016438,195.0,Call,0.01,0.0,0.01,1.0312548437500002,False,120.742897,4.188
148,NVDA,2025-03-21,0.016438,200.0,Call,0.01,0.0,0.01,1.0625046875000002,False,120.742897,4.188
149,NVDA,2025-03-21,0.016438,205.0,Call,0.01,0.0,0.01,1.125004375,False,120.742897,4.188
150,NVDA,2025-03-21,0.016438,210.0,Call,0.01,0.0,0.01,1.15625421875,False,120.742897,4.188
151,NVDA,2025-03-21,0.016438,212.0,Call,0.01,0.0,0.01,1.1875040625,False,120.742897,4.188
152,NVDA,2025-03-21,0.016438,213.0,Call,0.01,0.0,0.01,1.1875040625,False,120.742897,4.188
153,NVDA,2025-03-21,0.016438,214.0,Call,0.01,0.0,0.01,1.1875040625,False,120.742897,4.188
154,NVDA,2025-03-21,0.016438,215.0,Call,0.01,0.0,0.01,1.21875390625,False,120.742897,4.188
155,NVDA,2025-03-21,0.016438,216.0,Call,0.01,0.0,0.01,1.21875390625,False,120.742897,4.188
156,NVDA,2025-03-21,0.016438,217.0,Call,0.01,0.0,0.01,1.21875390625,False,120.742897,4.188
157,NVDA,2025-03-21,0.016438,218.0,Call,0.01,0.0,0.01,1.2500037499999999,False,120.742897,4.188
158,NVDA,2025-03-21,0.016438,219.0,Call,0.01,0.0,0.01,1.2500037499999999,False,120.742897,4.188
159,NVDA,2025-03-21,0.016438,220.0,Call,0.01,0.0,0.01,1.2500037499999999,False,120.742897,4.188
160,NVDA,2025-03-21,0.016438,221.0,Call,0.01,0.0,0.01,1.2500037499999999,False,120.742897,4.188
161,NVDA,2025-03-21,0.016438,222.0,Call,0.01,0.0,0.01,1.2812535937499998,False,120.742897,4.188
162,NVDA,2025-03-21,0.016438,223.0,Call,0.01,0.0,0.01,1.2812535937499998,False,120.742897,4.188
163,NVDA,2025-03-21,0.016438,224.0,Call,0.01,0.0,0.01,1.2812535937499998,False,120.742897,4.188
164,NVDA,2025-03-21,0.016438,225.0,Call,0.01,0.0,0.01,1.3125034374999998,False,120.742897,4.188
165,NVDA,2025-03-21,0.016438,226.0,Call,0.01,0.0,0.01,1.3125034374999998,False,120.742897,4.188
166,NVDA,2025-03-21,0.016438,227.0,Call,0.01,0.0,0.01,1.3125034374999998,False,120.742897,4.188
167,NVDA,2025-03-21,0.016438,228.0,Call,0.01,0.0,0.01,1.3125034374999998,False,120.742897,4.188
168,NVDA,2025-03-21,0.016438,230.0,Call,0.01,0.0,0.01,1.3437532812499997,False,120.742897,4.188
169,NVDA,2025-03-21,0.016438,235.0,Call,0.01,0.0,0.01,1.3750031249999999,False,120.742897,4.188
170,NVDA,2025-03-21,0.016438,240.0,Call,0.01,0.0,0.01,1.40625296875,False,120.742897,4.188
171,NVDA,2025-03-21,0.016438,245.0,Call,0.01,0.0,0.01,1.4375028125,False,120.742897,4.188
172,NVDA,2025-03-21,0.016438,250.0,Call,0.01,0.0,0.01,1.5000025,False,120.742897,4.188
173,NVDA,2025-03-21,0.016438,255.0,Call,0.01,0.0,0.01,1.5312523437499999,False,120.742897,4.188
174,NVDA,2025-03-21,0.016438,260.0,Call,0.02,0.0,0.01,1.5625021874999998,False,120.742897,4.188
175,NVDA,2025-03-21,0.016438,265.0,Call,0.01,0.0,0.01,1.5937520312499998,False,120.742897,4.188
176,NVDA,2025-03-21,0.016438,270.0,Call,0.02,0.0,0.01,1.625001875,False,120.742897,4.188
177,NVDA,2025-03-21,0.016438,275.0,Call,0.01,0.0,0.01,1.6875015625,False,120.742897,4.188
178,NVDA,2025-03-21,0.016438,280.0,Call,0.01,0.0,0.01,1.6875015625,False,120.742897,4.188
179,NVDA,2025-03-21,0.016438,290.0,Call,0.01,0.0,0.01,1.75000125,False,120.742897,4.188
180,NVDA,2025-03-21,0.016438,300.0,Call,0.01,0.0,0.01,1.8125009374999999,False,120.742897,4.188
181,NVDA,2025-03-21,0.016438,320.0,Call,717.62,899.1,912.05,0.0,False,120.742897,4.188
182,NVDA,2025-03-21,0.016438,350.0,Call,867.34,870.7,883.45,0.0,False,120.742897,4.188
183,NVDA,2025-03-21,0.016438,360.0,Call,793.39,861.25,873.9,0.0,False,120.742897,4.188
184,NVDA,2025-03-21,0.016438,370.0,Call,845.0,851.8,865.1,0.0,False,120.742897,4.188
185,NVDA,2025-03-21,0.016438,380.0,Call,686.3,842.25,855.9,0.0,False,120.742897,4.188
186,NVDA,2025-03-21,0.016438,390.0,Call,776.56,832.9,845.8,0.0,False,120.742897,4.188
187,NVDA,2025-03-21,0.016438,400.0,Call,812.15,823.6,836.95,0.0,False,120.742897,4.188
188,NVDA,2025-03-21,0.016438,410.0,Call,802.68,814.05,827.55,0.0,False,120.742897,4.188
189,NVDA,2025-03-21,0.016438,420.0,Call,480.0,740.2,759.2,0.0,False,120.742897,4.188
190,NVDA,2025-03-21,0.016438,430.0,Call,549.28,794.75,808.7,0.0,False,120.742897,4.188
191,NVDA,2025-03-21,0.016438,440.0,Call,494.17,790.0,798.1,0.0,False,120.742897,4.188
192,NVDA,2025-03-21,0.016438,450.0,Call,776.35,776.45,789.6,0.0,False,120.742897,4.188
193,NVDA,2025-03-21,0.016438,460.0,Call,462.7,767.15,779.65,0.0,False,120.742897,4.188
194,NVDA,2025-03-21,0.016438,470.0,Call,580.99,758.25,769.65,0.0,False,120.742897,4.188
195,NVDA,2025-03-21,0.016438,480.0,Call,581.33,748.95,760.1,0.0,False,120.742897,4.188
196,NVDA,2025-03-21,0.016438,490.0,Call,684.18,739.45,750.4,0.0,False,120.742897,4.188
197,NVDA,2025-03-21,0.016438,500.0,Call,745.5,730.9,741.75,0.0,False,120.742897,4.188
198,NVDA,2025-03-21,0.016438,520.0,Call,631.85,712.1,722.75,0.0,False,120.742897,4.188
199,NVDA,2025-03-21,0.016438,540.0,Call,693.0,694.25,704.25,0.0,False,120.742897,4.188
200,NVDA,2025-03-21,0.016438,560.0,Call,609.25,675.55,687.15,0.0,False,120.742897,4.188
201,NVDA,2025-03-21,0.016438,580.0,Call,580.9,657.6,668.9,0.0,False,120.742897,4.188
202,NVDA,2025-03-21,0.016438,600.0,Call,625.01,639.7,650.5,0.0,False,120.742897,4.188
203,NVDA,2025-03-21,0.016438,620.0,Call,611.0,621.7,633.35,0.0,False,120.742897,4.188
204,NVDA,2025-03-21,0.016438,640.0,Call,549.07,604.8,616.15,0.0,False,120.742897,4.188
205,NVDA,2025-03-21,0.016438,660.0,Call,472.37,587.3,597.9,0.0,False,120.742897,4.188
206,NVDA,2025-03-21,0.016438,680.0,Call,559.8,572.0,580.05,0.0,False,120.742897,4.188
207,NVDA,2025-03-21,0.016438,700.0,Call,442.0,553.45,562.65,0.0,False,120.742897,4.188
208,NVDA,2025-03-21,0.016438,710.0,Call,484.75,546.15,553.25,0.0,False,120.742897,4.188
209,NVDA,2025-03-21,0.016438,720.0,Call,481.38,537.9,546.1,0.0,False,120.742897,4.188
210,NVDA,2025-03-21,0.016438,730.0,Call,473.37,528.6,537.2,0.0,False,120.742897,4.188
211,NVDA,2025-03-21,0.016438,740.0,Call,524.04,519.85,528.15,0.0,False,120.742897,4.188
212,NVDA,2025-03-21,0.016438,750.0,Call,513.75,511.5,521.55,0.0,False,120.742897,4.188
213,NVDA,2025-03-21,0.016438,760.0,Call,507.88,505.55,512.0,0.0,False,120.742897,4.188
214,NVDA,2025-03-21,0.016438,770.0,Call,505.65,496.0,504.85,0.0,False,120.742897,4.188
215,NVDA,2025-03-21,0.016438,780.0,Call,502.0,487.55,495.5,0.0,False,120.742897,4.188
216,NVDA,2025-03-21,0.016438,790.0,Call,473.15,479.4,488.35,0.0,False,120.742897,4.188
217,NVDA,2025-03-21,0.016438,800.0,Call,473.0,472.35,480.95,0.0,False,120.742897,4.188
218,NVDA,2025-03-21,0.016438,810.0,Call,458.45,463.85,472.55,0.0,False,120.742897,4.188
219,NVDA,2025-03-21,0.016438,820.0,Call,450.8,456.15,463.75,0.0,False,120.742897,4.188
220,NVDA,2025-03-21,0.016438,830.0,Call,441.0,448.85,456.55,0.0,False,120.742897,4.188
221,NVDA,2025-03-21,0.016438,840.0,Call,449.3,441.1,448.7,0.0,False,120.742897,4.188
222,NVDA,2025-03-21,0.016438,850.0,Call,444.0,436.0,440.8,0.0,False,120.742897,4.188
223,NVDA,2025-03-21,0.016438,860.0,Call,419.63,428.3,435.2,0.0,False,120.742897,4.188
224,NVDA,2025-03-21,0.016438,880.0,Call,405.24,413.5,420.3,0.0,False,120.742897,4.188
225,NVDA,2025-03-21,0.016438,900.0,Call,406.93,399.6,404.85,0.0,False,120.742897,4.188
226,NVDA,2025-03-21,0.016438,920.0,Call,380.0,382.35,392.85,0.0,False,120.742897,4.188
227,NVDA,2025-03-21,0.016438,940.0,Call,367.8,369.2,378.75,0.0,False,120.742897,4.188
228,NVDA,2025-03-21,0.016438,960.0,Call,361.4,356.35,365.55,0.0,False,120.742897,4.188
229,NVDA,2025-03-21,0.016438,980.0,Call,344.7,345.65,351.9,0.0,False,120.742897,4.188
230,NVDA,2025-03-21,0.016438,1000.0,Call,332.17,331.6,339.95,0.0,False,120.742897,4.188
231,NVDA,2025-03-21,0.016438,1020.0,Call,315.0,321.85,325.1,0.0,False,120.742897,4.188
232,NVDA,2025-03-21,0.016438,1040.0,Call,311.57,310.0,313.9,0.0,False,120.742897,4.188
233,NVDA,2025-03-21,0.016438,1060.0,Call,291.74,298.4,301.65,0.0,False,120.742897,4.188
234,NVDA,2025-03-21,0.016438,1080.0,Call,290.84,287.25,290.5,0.0,False,120.742897,4.188
235,NVDA,2025-03-21,0.016438,1100.0,Call,277.9,276.6,279.55,0.0,False,120.742897,4.188
236,NVDA,2025-03-21,0.016438,1120.0,Call,267.31,265.8,269.15,0.0,False,120.742897,4.188
237,NVDA,2025-03-21,0.016438,1140.0,Call,256.62,255.6,259.65,0.0,False,120.742897,4.188
238,NVDA,2025-03-21,0.016438,1160.0,Call,249.0,245.6,249.15,0.0,False,120.742897,4.188
239,NVDA,2025-03-21,0.016438,1180.0,Call,239.64,236.2,240.45,0.0,False,120.742897,4.188
240,NVDA,2025-03-21,0.016438,1200.0,Call,229.43,227.3,230.15,0.0,False,120.742897,4.188
241,NVDA,2025-03-21,0.016438,1220.0,Call,224.36,218.25,221.45,0.0,False,120.742897,4.188
242,NVDA,2025-03-21,0.016438,1240.0,Call,211.81,209.4,212.85,0.0,False,120.742897,4.188
243,NVDA,2025-03-21,0.016438,1260.0,Call,202.68,201.1,205.0,0.0,False,120.742897,4.188
244,NVDA,2025-03-21,0.016438,1280.0,Call,196.1,193.1,196.6,0.0,False,120.742897,4.188
245,NVDA,2025-03-21,0.016438,1300.0,Call,187.58,185.7,188.55,0.0,False,120.742897,4.188
246,NVDA,2025-03-21,0.016438,1320.0,Call,179.45,177.95,181.3,0.0,False,120.742897,4.188
247,NVDA,2025-03-21,0.016438,1340.0,Call,168.0,170.65,174.15,0.0,False,120.742897,4.188
248,NVDA,2025-03-21,0.016438,1360.0,Call,166.54,163.85,167.05,0.0,False,120.742897,4.188
249,NVDA,2025-03-21,0.016438,1370.0,Call,160.0,161.3,163.4,0.0,False,120.742897,4.188
250,NVDA,2025-03-21,0.016438,1380.0,Call,149.35,158.05,160.15,0.0,False,120.742897,4.188
251,NVDA,2025-03-21,0.016438,1390.0,Call,151.71,154.8,156.95,0.0,False,120.742897,4.188
252,NVDA,2025-03-21,0.016438,1400.0,Call,153.27,151.9,153.65,0.0,False,120.742897,4.188
253,NVDA,2025-03-21,0.016438,1410.0,Call,124.33,148.6,151.05,0.0,False,120.742897,4.188
254,NVDA,2025-03-21,0.016438,1420.0,Call,147.15,145.5,147.6,0.0,False,120.742897,4.188
255,NVDA,2025-03-21,0.016438,1430.0,Call,150.0,142.5,144.65,0.0,False,120.742897,4.188
256,NVDA,2025-03-21,0.016438,1440.0,Call,105.6,139.6,141.7,0.0,False,120.742897,4.188
257,NVDA,2025-03-21,0.016438,1450.0,Call,138.4,137.0,138.65,0.0,False,120.742897,4.188
258,NVDA,2025-03-21,0.016438,1460.0,Call,135.98,133.95,135.95,0.0,False,120.742897,4.188
259,NVDA,2025-03-21,0.016438,1470.0,Call,137.8,131.25,133.25,0.0,False,120.742897,4.188
260,NVDA,2025-03-21,0.016438,1480.0,Call,137.5,128.6,130.6,0.0,False,120.742897,4.188
261,NVDA,2025-03-21,0.016438,1490.0,Call,130.2,125.9,127.95,0.0,False,120.742897,4.188
262,NVDA,2025-03-21,0.016438,1500.0,Call,124.67,123.35,125.2,0.0,False,120.742897,4.188
263,NVDA,2025-03-21,0.016438,1510.0,Call,123.8,120.7,122.8,0.0,False,120.742897,4.188
264,NVDA,2025-03-21,0.016438,1520.0,Call,120.8,118.35,120.25,39.22266012145997,False,120.742897,4.188
265,NVDA,2025-03-21,0.016438,1530.0,Call,113.7,115.75,117.85,34.71680145050048,False,120.742897,4.188
266,NVDA,2025-03-21,0.016438,1540.0,Call,114.0,113.6,115.5,32.51367679473877,False,120.742897,4.188
267,NVDA,2025-03-21,0.016438,1550.0,Call,108.25,111.3,113.05,30.843750361328123,False,120.742897,4.188
268,NVDA,2025-03-21,0.016438,1560.0,Call,106.83,108.75,110.85,29.53320389587402,False,120.742897,4.188
269,NVDA,2025-03-21,0.016438,1570.0,Call,103.43,106.65,108.65,28.540040143737794,False,120.742897,4.188
270,NVDA,2025-03-21,0.016438,1580.0,Call,110.0,104.5,106.35,27.646485735473632,False,120.742897,4.188
271,NVDA,2025-03-21,0.016438,1590.0,Call,102.1,102.35,104.15,26.871095352783207,False,120.742897,4.188
272,NVDA,2025-03-21,0.016438,1600.0,Call,100.72,100.2,102.0,26.178224475555425,False,120.742897,4.188
273,NVDA,2025-03-21,0.016438,1610.0,Call,99.42,98.15,100.05,25.587404347686764,False,120.742897,4.188
274,NVDA,2025-03-21,0.016438,1620.0,Call,76.8,96.05,98.0,25.01758030700684,False,120.742897,4.188
275,NVDA,2025-03-21,0.016438,1630.0,Call,92.15,94.05,96.0,24.50488515472412,False,120.742897,4.188
276,NVDA,2025-03-21,0.016438,1640.0,Call,99.66,92.15,94.1,24.046389204254154,False,120.742897,4.188
277,NVDA,2025-03-21,0.016438,1650.0,Call,91.6,90.4,92.1,23.61670183853149,False,120.742897,4.188
278,NVDA,2025-03-21,0.016438,1660.0,Call,86.6,88.45,90.3,23.20752227890015,False,120.742897,4.188
279,NVDA,2025-03-21,0.016438,1670.0,Call,54.38,86.5,88.5,22.81543255767822,False,120.742897,4.188
280,NVDA,2025-03-21,0.016438,1680.0,Call,76.95,84.95,86.75,22.485354535827636,False,120.742897,4.188
281,NVDA,2025-03-21,0.016438,1690.0,Call,78.61,83.25,84.75,22.126712069778442,False,120.742897,4.188
282,NVDA,2025-03-21,0.016438,1700.0,Call,82.59,81.45,83.3,21.823733648834228,False,120.742897,4.188
283,NVDA,2025-03-21,0.016438,1710.0,Call,81.4,79.9,81.75,21.54321615837097,False,120.742897,4.188
284,NVDA,2025-03-21,0.016438,1720.0,Call,73.82,78.2,79.75,21.215335401458738,False,120.742897,4.188
285,NVDA,2025-03-21,0.016438,1730.0,Call,52.4,76.6,78.15,20.941409705810543,False,120.742897,4.188
286,NVDA,2025-03-21,0.016438,1740.0,Call,82.5,75.05,76.95,20.713138292770385,False,120.742897,4.188
287,NVDA,2025-03-21,0.016438,1750.0,Call,75.05,72.8,75.3,20.391116909027097,False,120.742897,4.188
288,NVDA,2025-03-21,0.016438,1760.0,Call,70.2,72.1,73.9,20.227542741394043,False,120.742897,4.188
289,NVDA,2025-03-21,0.016438,1770.0,Call,68.55,70.6,72.05,19.962650246047975,False,120.742897,4.188
290,NVDA,2025-03-21,0.016438,1780.0,Call,67.15,69.1,71.0,19.76807022872925,False,120.742897,4.188
291,NVDA,2025-03-21,0.016438,1790.0,Call,67.5,67.65,69.55,19.547855453796387,False,120.742897,4.188
292,NVDA,2025-03-21,0.016438,1800.0,Call,70.18,66.4,68.1,19.347171922760012,False,120.742897,4.188
293,NVDA,2025-03-21,0.016438,1810.0,Call,63.8,65.1,66.85,19.16064854354859,False,120.742897,4.188
294,NVDA,2025-03-21,0.016438,1820.0,Call,59.1,63.65,65.5,18.957279466476443,False,120.742897,4.188
295,NVDA,2025-03-21,0.016438,1830.0,Call,62.85,62.25,63.85,18.73730883209229,False,120.742897,4.188
296,NVDA,2025-03-21,0.016438,1840.0,Call,56.3,61.0,62.95,18.58789481628418,False,120.742897,4.188
297,NVDA,2025-03-21,0.016438,1850.0,Call,62.5,60.0,61.65,18.428226897430427,False,120.742897,4.188
298,NVDA,2025-03-21,0.016438,1860.0,Call,43.65,58.55,60.55,18.251713280715947,False,120.742897,4.188
299,NVDA,2025-03-21,0.016438,1870.0,Call,56.5,57.75,59.35,18.11719183837891,False,120.742897,4.188
300,NVDA,2025-03-21,0.016438,1880.0,Call,55.7,56.25,57.85,17.910160653076176,False,120.742897,4.188
301,NVDA,2025-03-21,0.016438,1890.0,Call,58.9,54.5,57.1,17.741215393371583,False,120.742897,4.188
302,NVDA,2025-03-21,0.016438,1900.0,Call,54.77,54.15,55.5,17.613041605300904,False,120.742897,4.188
303,NVDA,2025-03-21,0.016438,1910.0,Call,52.0,53.0,54.9,17.500004531250003,False,120.742897,4.188
304,NVDA,2025-03-21,0.016438,1920.0,Call,51.63,52.0,53.85,17.36597137001038,False,120.742897,4.188
305,NVDA,2025-03-21,0.016438,1930.0,Call,51.3,50.9,52.8,17.22510227340699,False,120.742897,4.188
306,NVDA,2025-03-21,0.016438,1940.0,Call,53.7,49.3,51.7,17.04590311065674,False,120.742897,4.188
307,NVDA,2025-03-21,0.016438,1950.0,Call,50.5,49.1,50.7,16.973637508239747,False,120.742897,4.188
308,NVDA,2025-03-21,0.016438,2000.0,Call,44.47,44.45,46.0,16.377934569396977,False,120.742897,4.188
309,NVDA,2025-03-21,0.016438,2050.0,Call,41.0,40.6,41.65,15.864257897338867,False,120.742897,4.188
310,NVDA,2025-03-21,0.016438,2100.0,Call,36.82,36.8,37.95,15.396973033142087,False,120.742897,4.188
311,NVDA,2025-03-21,0.016438,2120.0,Call,38.42,35.4,36.65,15.229492669067382,False,120.742897,4.188
312,NVDA,2025-03-21,0.016438,2130.0,Call,36.35,34.7,36.3,15.166748567657471,False,120.742897,4.188
313,NVDA,2025-03-21,0.016438,2150.0,Call,36.47,33.65,35.0,15.022705688934325,False,120.742897,4.188
314,NVDA,2025-03-21,0.016438,2160.0,Call,42.12,32.9,34.1,14.916260442962647,False,120.742897,4.188
315,NVDA,2025-03-21,0.016438,2170.0,Call,43.95,32.3,33.5,14.841797598876953,False,120.742897,4.188
316,NVDA,2025-03-21,0.016438,2200.0,Call,33.31,30.85,31.7,14.641114130554199,False,120.742897,4.188
317,NVDA,2025-03-21,0.016438,2220.0,Call,31.81,29.3,30.65,14.474122047424316,False,120.742897,4.188
318,NVDA,2025-03-21,0.016438,2230.0,Call,32.31,29.35,30.45,14.47436618789673,False,120.742897,4.188
319,NVDA,2025-03-21,0.016438,2240.0,Call,27.72,28.6,29.55,14.364258834838868,False,120.742897,4.188
320,NVDA,2025-03-21,0.016438,2250.0,Call,30.0,28.35,29.3,14.338379944763187,False,120.742897,4.188
321,NVDA,2025-03-21,0.016438,2260.0,Call,28.8,27.85,28.55,14.25683702697754,False,120.742897,4.188
322,NVDA,2025-03-21,0.016438,2270.0,Call,27.81,27.35,28.4,14.219239394226074,False,120.742897,4.188
323,NVDA,2025-03-21,0.016438,2280.0,Call,27.4,26.85,27.65,14.136719914550781,False,120.742897,4.188
324,NVDA,2025-03-21,0.016438,2300.0,Call,28.1,25.55,26.9,14.004151638031006,False,120.742897,4.188
325,NVDA,2025-03-21,0.016438,2350.0,Call,24.2,23.45,24.7,13.727540482788086,False,120.742897,4.188
326,NVDA,2025-03-21,0.016438,2400.0,Call,22.25,21.85,22.6,13.488282819824217,False,120.742897,4.188
327,NVDA,2025-03-21,0.016438,2450.0,Call,20.66,20.1,21.05,13.272218501739502,False,120.742897,4.188
328,NVDA,2025-03-21,0.016438,2500.0,Call,19.3,18.6,19.65,13.080568230895995,False,120.742897,4.188
329,NVDA,2025-03-21,0.016438,5.0,Put,0.01,0.0,0.01,6.7500015625000005,False,120.742897,4.188
330,NVDA,2025-03-21,0.016438,10.0,Put,0.01,0.0,0.01,5.250003437499999,False,120.742897,4.188
331,NVDA,2025-03-21,0.016438,15.0,Put,0.01,0.0,0.01,4.375004531249999,False,120.742897,4.188
332,NVDA,2025-03-21,0.016438,20.0,Put,0.01,0.0,0.01,3.750000625,False,120.742897,4.188
333,NVDA,2025-03-21,0.016438,25.0,Put,0.01,0.0,0.01,3.3750015624999996,False,120.742897,4.188
334,NVDA,2025-03-21,0.016438,30.0,Put,0.01,0.0,0.01,2.93750265625,False,120.742897,4.188
335,NVDA,2025-03-21,0.016438,32.0,Put,0.01,0.0,0.01,2.81250296875,False,120.742897,4.188
336,NVDA,2025-03-21,0.016438,33.0,Put,0.02,0.0,0.01,2.750003125,False,120.742897,4.188
337,NVDA,2025-03-21,0.016438,34.0,Put,0.01,0.0,0.01,2.68750328125,False,120.742897,4.188
338,NVDA,2025-03-21,0.016438,35.0,Put,0.01,0.0,0.01,2.6250034375,False,120.742897,4.188
339,NVDA,2025-03-21,0.016438,36.0,Put,0.01,0.0,0.01,2.56250359375,False,120.742897,4.188
340,NVDA,2025-03-21,0.016438,37.0,Put,0.01,0.0,0.01,2.50000375,False,120.742897,4.188
341,NVDA,2025-03-21,0.016438,38.0,Put,0.01,0.0,0.01,2.43750390625,False,120.742897,4.188
342,NVDA,2025-03-21,0.016438,39.0,Put,0.01,0.0,0.01,2.3750040624999995,False,120.742897,4.188
343,NVDA,2025-03-21,0.016438,40.0,Put,0.01,0.0,0.01,2.3750040624999995,False,120.742897,4.188
344,NVDA,2025-03-21,0.016438,41.0,Put,0.01,0.0,0.01,2.3125042187499996,False,120.742897,4.188
345,NVDA,2025-03-21,0.016438,42.0,Put,0.01,0.0,0.01,2.2500043749999996,False,120.742897,4.188
346,NVDA,2025-03-21,0.016438,43.0,Put,0.01,0.0,0.01,2.1875045312499997,False,120.742897,4.188
347,NVDA,2025-03-21,0.016438,44.0,Put,0.01,0.0,0.01,2.1250046874999997,False,120.742897,4.188
348,NVDA,2025-03-21,0.016438,45.0,Put,0.01,0.0,0.01,2.1250046874999997,False,120.742897,4.188
349,NVDA,2025-03-21,0.016438,46.0,Put,0.01,0.0,0.01,2.0625048437499998,False,120.742897,4.188
350,NVDA,2025-03-21,0.016438,47.0,Put,0.01,0.0,0.01,2.000005,False,120.742897,4.188
351,NVDA,2025-03-21,0.016438,48.0,Put,0.02,0.0,0.01,1.96875015625,False,120.742897,4.188
352,NVDA,2025-03-21,0.016438,49.0,Put,0.01,0.0,0.01,1.9375003125,False,120.742897,4.188
353,NVDA,2025-03-21,0.016438,50.0,Put,0.01,0.0,0.01,1.875000625,False,120.742897,4.188
354,NVDA,2025-03-21,0.016438,52.0,Put,0.01,0.0,0.01,1.8125009374999999,False,120.742897,4.188
355,NVDA,2025-03-21,0.016438,54.0,Put,0.01,0.0,0.01,1.75000125,False,120.742897,4.188
356,NVDA,2025-03-21,0.016438,55.0,Put,0.01,0.0,0.01,1.6875015625,False,120.742897,4.188
357,NVDA,2025-03-21,0.016438,56.0,Put,0.01,0.0,0.01,1.6875015625,False,120.742897,4.188
358,NVDA,2025-03-21,0.016438,58.0,Put,0.01,0.0,0.01,1.5937520312499998,False,120.742897,4.188
359,NVDA,2025-03-21,0.016438,60.0,Put,0.01,0.0,0.02,1.625001875,False,120.742897,4.188
360,NVDA,2025-03-21,0.016438,62.0,Put,0.01,0.01,0.02,1.5937520312499998,False,120.742897,4.188
361,NVDA,2025-03-21,0.016438,64.0,Put,0.01,0.01,0.02,1.5312523437499999,False,120.742897,4.188
362,NVDA,2025-03-21,0.016438,65.0,Put,0.02,0.01,0.02,1.5000025,False,120.742897,4.188
363,NVDA,2025-03-21,0.016438,66.0,Put,0.02,0.01,0.02,1.46875265625,False,120.742897,4.188
364,NVDA,2025-03-21,0.016438,68.0,Put,0.01,0.01,0.02,1.3906280468749999,False,120.742897,4.188
365,NVDA,2025-03-21,0.016438,70.0,Put,0.02,0.02,0.03,1.3984405078125,False,120.742897,4.188
366,NVDA,2025-03-21,0.016438,71.0,Put,0.02,0.02,0.03,1.3671906640625,False,120.742897,4.188
367,NVDA,2025-03-21,0.016438,72.0,Put,0.03,0.02,0.03,1.3281283593749997,False,120.742897,4.188
368,NVDA,2025-03-21,0.016438,73.0,Put,0.02,0.02,0.03,1.2968785156249998,False,120.742897,4.188
369,NVDA,2025-03-21,0.016438,74.0,Put,0.03,0.02,0.03,1.2656286718749998,False,120.742897,4.188
370,NVDA,2025-03-21,0.016438,75.0,Put,0.03,0.02,0.03,1.2343788281249999,False,120.742897,4.188
371,NVDA,2025-03-21,0.016438,76.0,Put,0.03,0.02,0.03,1.203128984375,False,120.742897,4.188
372,NVDA,2025-03-21,0.016438,77.0,Put,0.03,0.03,0.04,1.21875390625,False,120.742897,4.188
373,NVDA,2025-03-21,0.016438,78.0,Put,0.04,0.03,0.04,1.1875040625,False,120.742897,4.188
374,NVDA,2025-03-21,0.016438,79.0,Put,0.04,0.03,0.04,1.15625421875,False,120.742897,4.188
375,NVDA,2025-03-21,0.016438,80.0,Put,0.04,0.03,0.04,1.125004375,False,120.742897,4.188
376,NVDA,2025-03-21,0.016438,81.0,Put,0.05,0.04,0.05,1.125004375,False,120.742897,4.188
377,NVDA,2025-03-21,0.016438,82.0,Put,0.05,0.04,0.05,1.09375453125,False,120.742897,4.188
378,NVDA,2025-03-21,0.016438,83.0,Put,0.05,0.04,0.05,1.0625046875000002,False,120.742897,4.188
379,NVDA,2025-03-21,0.016438,84.0,Put,0.05,0.04,0.05,1.0312548437500002,False,120.742897,4.188
380,NVDA,2025-03-21,0.016438,85.0,Put,0.05,0.05,0.06,1.0273486132812502,False,120.742897,4.188
381,NVDA,2025-03-21,0.016438,86.0,Put,0.05,0.05,0.06,0.9960937890625,False,120.742897,4.188
382,NVDA,2025-03-21,0.016438,88.0,Put,0.07,0.06,0.07,0.9570316796874999,False,120.742897,4.188
383,NVDA,2025-03-21,0.016438,90.0,Put,0.07,0.07,0.08,0.914063359375,False,120.742897,4.188
384,NVDA,2025-03-21,0.016438,92.0,Put,0.09,0.08,0.09,0.8710950390625,False,120.742897,4.188
385,NVDA,2025-03-21,0.016438,94.0,Put,0.1,0.09,0.1,0.8242205078124999,False,120.742897,4.188
386,NVDA,2025-03-21,0.016438,95.0,Put,0.11,0.1,0.11,0.804689453125,False,120.742897,4.188
387,NVDA,2025-03-21,0.016438,96.0,Put,0.12,0.11,0.12,0.78711150390625,False,120.742897,4.188
388,NVDA,2025-03-21,0.016438,98.0,Put,0.14,0.14,0.15,0.7539087109375,False,120.742897,4.188
389,NVDA,2025-03-21,0.016438,100.0,Put,0.18,0.18,0.19,0.7236355761718749,False,120.742897,4.188
390,NVDA,2025-03-21,0.016438,102.0,Put,0.24,0.23,0.24,0.6914093359375001,False,120.742897,4.188
391,NVDA,2025-03-21,0.016438,104.0,Put,0.31,0.31,0.32,0.6669955175781253,False,120.742897,4.188
392,NVDA,2025-03-21,0.016438,105.0,Put,0.37,0.36,0.37,0.6552768847656252,False,120.742897,4.188
393,NVDA,2025-03-21,0.016438,106.0,Put,0.42,0.43,0.44,0.6479527392578125,False,120.742897,4.188
394,NVDA,2025-03-21,0.016438,108.0,Put,0.59,0.59,0.6,0.6284216845703126,False,120.742897,4.188
395,NVDA,2025-03-21,0.016438,110.0,Put,0.81,0.8,0.81,0.6079140771484376,False,120.742897,4.188
396,NVDA,2025-03-21,0.016438,112.0,Put,1.13,1.1,1.12,0.5937540625000001,False,120.742897,4.188
397,NVDA,2025-03-21,0.016438,114.0,Put,1.52,1.52,1.54,0.5835002587890624,False,120.742897,4.188
398,NVDA,2025-03-21,0.016438,115.0,Put,1.77,1.79,1.81,0.5810588769531251,False,120.742897,4.188
399,NVDA,2025-03-21,0.016438,116.0,Put,2.04,2.03,2.05,0.5688519677734375,False,120.742897,4.188
400,NVDA,2025-03-21,0.016438,118.0,Put,2.75,2.7,2.72,0.5585981640625001,False,120.742897,4.188
401,NVDA,2025-03-21,0.016438,120.0,Put,3.5,3.5,3.55,0.5478560839843751,False,120.742897,4.188
402,NVDA,2025-03-21,0.016438,122.0,Put,4.55,4.5,4.55,0.5405319384765627,True,120.742897,4.188
403,NVDA,2025-03-21,0.016438,124.0,Put,5.65,5.65,5.7,0.5312546875,True,120.742897,4.188
404,NVDA,2025-03-21,0.016438,125.0,Put,6.35,6.3,6.35,0.5290574438476563,True,120.742897,4.188
405,NVDA,2025-03-21,0.016438,126.0,Put,6.92,6.95,7.0,0.5207567456054687,True,120.742897,4.188
406,NVDA,2025-03-21,0.016438,128.0,Put,8.4,8.35,8.4,0.5004932763671875,True,120.742897,4.188
407,NVDA,2025-03-21,0.016438,129.0,Put,9.16,9.2,9.3,0.5136767382812499,True,120.742897,4.188
408,NVDA,2025-03-21,0.016438,130.0,Put,10.05,9.95,10.05,0.506840869140625,True,120.742897,4.188
409,NVDA,2025-03-21,0.016438,131.0,Put,11.13,10.75,10.85,0.49268085449218757,True,120.742897,4.188
410,NVDA,2025-03-21,0.016438,132.0,Put,11.65,11.7,11.8,0.5107470800781251,True,120.742897,4.188
411,NVDA,2025-03-21,0.016438,133.0,Put,12.65,12.55,12.7,0.5112353564453125,True,120.742897,4.188
412,NVDA,2025-03-21,0.016438,134.0,Put,13.4,13.35,13.45,0.44727115234375,True,120.742897,4.188
413,NVDA,2025-03-21,0.016438,135.0,Put,14.33,14.3,14.45,0.4726615234375,True,120.742897,4.188
414,NVDA,2025-03-21,0.016438,136.0,Put,15.48,15.3,15.45,0.49609878906250005,True,120.742897,4.188
415,NVDA,2025-03-21,0.016438,137.0,Put,16.16,16.2,16.35,0.46094289062500005,True,120.742897,4.188
416,NVDA,2025-03-21,0.016438,138.0,Put,17.23,17.15,17.3,0.437505625,True,120.742897,4.188
417,NVDA,2025-03-21,0.016438,139.0,Put,18.6,18.15,18.25,0.367193828125,True,120.742897,4.188
418,NVDA,2025-03-21,0.016438,140.0,Put,19.0,19.2,19.3,0.476567734375,True,120.742897,4.188
419,NVDA,2025-03-21,0.016438,141.0,Put,19.96,20.05,20.25,0.398443515625,True,120.742897,4.188
420,NVDA,2025-03-21,0.016438,142.0,Put,21.0,21.05,21.3,0.51562984375,True,120.742897,4.188
421,NVDA,2025-03-21,0.016438,143.0,Put,22.1,21.95,22.2,1.0000000000000003e-05,True,120.742897,4.188
422,NVDA,2025-03-21,0.016438,144.0,Put,22.65,23.1,23.3,0.55273884765625,True,120.742897,4.188
423,NVDA,2025-03-21,0.016438,145.0,Put,24.2,24.0,24.1,1.0000000000000003e-05,True,120.742897,4.188
424,NVDA,2025-03-21,0.016438,146.0,Put,24.9,25.05,25.25,0.476567734375,True,120.742897,4.188
425,NVDA,2025-03-21,0.016438,147.0,Put,26.1,26.0,26.3,0.6054726953125001,True,120.742897,4.188
426,NVDA,2025-03-21,0.016438,148.0,Put,27.14,27.0,27.15,1.0000000000000003e-05,True,120.742897,4.188
427,NVDA,2025-03-21,0.016438,149.0,Put,31.95,28.0,28.2,1.0000000000000003e-05,True,120.742897,4.188
428,NVDA,2025-03-21,0.016438,150.0,Put,29.1,29.0,29.15,1.0000000000000003e-05,True,120.742897,4.188
429,NVDA,2025-03-21,0.016438,151.0,Put,30.15,30.0,30.15,1.0000000000000003e-05,True,120.742897,4.188
430,NVDA,2025-03-21,0.016438,152.0,Put,32.15,30.95,31.2,1.0000000000000003e-05,True,120.742897,4.188
431,NVDA,2025-03-21,0.016438,152.5,Put,30.77,31.55,31.8,0.70312796875,True,120.742897,4.188
432,NVDA,2025-03-21,0.016438,153.0,Put,32.1,32.05,32.4,0.8203142968749999,True,120.742897,4.188
433,NVDA,2025-03-21,0.016438,154.0,Put,33.1,33.0,33.35,0.79101771484375,True,120.742897,4.188
434,NVDA,2025-03-21,0.016438,155.0,Put,35.25,34.0,34.2,1.0000000000000003e-05,True,120.742897,4.188
435,NVDA,2025-03-21,0.016438,156.0,Put,36.15,35.0,35.4,0.87500125,True,120.742897,4.188
436,NVDA,2025-03-21,0.016438,157.0,Put,37.45,36.1,36.35,0.8437515624999999,True,120.742897,4.188
437,NVDA,2025-03-21,0.016438,157.5,Put,40.35,36.5,36.8,0.7851583984375,True,120.742897,4.188
438,NVDA,2025-03-21,0.016438,158.0,Put,38.45,37.05,37.3,0.7929708203125,True,120.742897,4.188
439,NVDA,2025-03-21,0.016438,159.0,Put,39.85,38.0,38.2,1.0000000000000003e-05,True,120.742897,4.188
440,NVDA,2025-03-21,0.016438,160.0,Put,39.17,39.0,39.2,1.0000000000000003e-05,True,120.742897,4.188
441,NVDA,2025-03-21,0.016438,161.0,Put,44.25,40.0,40.45,1.0058643457031249,True,120.742897,4.188
442,NVDA,2025-03-21,0.016438,162.0,Put,42.15,40.9,41.15,1.0000000000000003e-05,True,120.742897,4.188
443,NVDA,2025-03-21,0.016438,162.5,Put,43.05,41.6,41.85,0.9335944140625,True,120.742897,4.188
444,NVDA,2025-03-21,0.016438,163.0,Put,47.0,42.0,42.2,1.0000000000000003e-05,True,120.742897,4.188
445,NVDA,2025-03-21,0.016438,164.0,Put,46.75,43.0,43.2,1.0000000000000003e-05,True,120.742897,4.188
446,NVDA,2025-03-21,0.016438,165.0,Put,44.56,44.1,44.3,0.8984385156249999,True,120.742897,4.188
447,NVDA,2025-03-21,0.016438,166.0,Put,49.25,45.05,45.3,0.914063359375,True,120.742897,4.188
448,NVDA,2025-03-21,0.016438,167.0,Put,49.0,46.0,46.25,0.7656273437500001,True,120.742897,4.188
449,NVDA,2025-03-21,0.016438,168.0,Put,51.4,47.05,47.25,0.7812521875,True,120.742897,4.188
450,NVDA,2025-03-21,0.016438,169.0,Put,43.3,48.1,48.25,0.79687703125,True,120.742897,4.188
451,NVDA,2025-03-21,0.016438,170.0,Put,49.8,49.0,49.3,0.9726565234375,True,120.742897,4.188
452,NVDA,2025-03-21,0.016438,171.0,Put,48.9,49.9,50.35,1.0664109179687502,True,120.742897,4.188
453,NVDA,2025-03-21,0.016438,172.0,Put,49.85,50.85,51.2,1.0000000000000003e-05,True,120.742897,4.188
454,NVDA,2025-03-21,0.016438,173.0,Put,64.76,52.0,52.4,1.15625421875,True,120.742897,4.188
455,NVDA,2025-03-21,0.016438,174.0,Put,57.15,52.95,53.35,1.11328568359375,True,120.742897,4.188
456,NVDA,2025-03-21,0.016438,175.0,Put,58.4,54.0,54.45,1.236331943359375,True,120.742897,4.188
457,NVDA,2025-03-21,0.016438,176.0,Put,53.95,54.95,55.3,1.0546922265625,True,120.742897,4.188
458,NVDA,2025-03-21,0.016438,177.0,Put,54.74,55.95,56.4,1.21875390625,True,120.742897,4.188
459,NVDA,2025-03-21,0.016438,178.0,Put,55.66,56.95,57.35,1.169926025390625,True,120.742897,4.188
460,NVDA,2025-03-21,0.016438,179.0,Put,56.1,57.95,58.45,1.2988316308593748,True,120.742897,4.188
461,NVDA,2025-03-21,0.016438,180.0,Put,63.39,59.0,59.4,1.26172244140625,True,120.742897,4.188
462,NVDA,2025-03-21,0.016438,181.0,Put,59.61,59.9,60.35,1.2109414453124998,True,120.742897,4.188
463,NVDA,2025-03-21,0.016438,182.0,Put,59.45,60.95,61.3,1.1367230664062502,True,120.742897,4.188
464,NVDA,2025-03-21,0.016438,183.0,Put,61.35,61.85,62.35,1.2402381738281247,True,120.742897,4.188
465,NVDA,2025-03-21,0.016438,184.0,Put,61.29,62.9,63.15,1.0000000000000003e-05,True,120.742897,4.188
466,NVDA,2025-03-21,0.016438,185.0,Put,62.13,63.95,64.3,1.1757853710937498,True,120.742897,4.188
467,NVDA,2025-03-21,0.016438,186.0,Put,63.26,64.95,65.3,1.1875040625,True,120.742897,4.188
468,NVDA,2025-03-21,0.016438,187.0,Put,64.28,65.95,66.3,1.203128984375,True,120.742897,4.188
469,NVDA,2025-03-21,0.016438,188.0,Put,65.27,66.9,67.3,1.2148476757812499,True,120.742897,4.188
470,NVDA,2025-03-21,0.016438,189.0,Put,66.25,67.9,68.45,1.443362158203125,True,120.742897,4.188
471,NVDA,2025-03-21,0.016438,190.0,Put,67.27,68.85,69.35,1.3320345898437496,True,120.742897,4.188
472,NVDA,2025-03-21,0.016438,191.0,Put,68.24,69.9,70.3,1.2500037499999999,True,120.742897,4.188
473,NVDA,2025-03-21,0.016438,192.0,Put,69.27,70.8,71.3,1.26172244140625,True,120.742897,4.188
474,NVDA,2025-03-21,0.016438,193.0,Put,80.45,71.8,72.35,1.37109689453125,True,120.742897,4.188
475,NVDA,2025-03-21,0.016438,194.0,Put,47.2,59.0,60.35,1.0000000000000003e-05,True,120.742897,4.188
476,NVDA,2025-03-21,0.016438,195.0,Put,54.15,74.0,74.45,1.5253929980468748,True,120.742897,4.188
477,NVDA,2025-03-21,0.016438,200.0,Put,78.0,78.85,79.45,1.5917989160156247,True,120.742897,4.188
478,NVDA,2025-03-21,0.016438,205.0,Put,67.54,83.7,86.35,2.053715803222656,True,120.742897,4.188
479,NVDA,2025-03-21,0.016438,210.0,Put,79.05,88.85,89.3,1.46875265625,True,120.742897,4.188
480,NVDA,2025-03-21,0.016438,212.0,Put,72.45,93.65,94.25,2.8222685693359377,True,120.742897,4.188
481,NVDA,2025-03-21,0.016438,213.0,Put,61.7,0.0,0.0,1.0000000000000003e-05,True,120.742897,4.188
482,NVDA,2025-03-21,0.016438,214.0,Put,75.4,95.3,95.85,2.749514844970703,True,120.742897,4.188
483,NVDA,2025-03-21,0.016438,215.0,Put,79.8,75.75,76.6,1.0000000000000003e-05,True,120.742897,4.188
484,NVDA,2025-03-21,0.016438,216.0,Put,75.73,97.25,98.2,2.8232451293945315,True,120.742897,4.188
485,NVDA,2025-03-21,0.016438,217.0,Put,77.8,98.0,99.35,2.824709969482422,True,120.742897,4.188
486,NVDA,2025-03-21,0.016438,218.0,Put,79.1,99.0,100.25,2.8251982495117183,True,120.742897,4.188
487,NVDA,2025-03-21,0.016438,219.0,Put,79.75,100.25,101.15,2.8623075317382813,True,120.742897,4.188
488,NVDA,2025-03-21,0.016438,220.0,Put,104.08,98.85,99.3,1.5781271093749998,True,120.742897,4.188
489,NVDA,2025-03-21,0.016438,221.0,Put,84.6,100.3,101.6,2.232426293945312,True,120.742897,4.188
490,NVDA,2025-03-21,0.016438,222.0,Put,105.98,100.9,101.3,1.5937520312499998,True,120.742897,4.188
491,NVDA,2025-03-21,0.016438,223.0,Put,76.5,88.35,89.65,1.0000000000000003e-05,True,120.742897,4.188
492,NVDA,2025-03-21,0.016438,224.0,Put,80.8,104.95,106.2,2.8999050939941404,True,120.742897,4.188
493,NVDA,2025-03-21,0.016438,225.0,Put,85.03,103.85,104.45,1.892578662109375,True,120.742897,4.188
494,NVDA,2025-03-21,0.016438,226.0,Put,84.9,91.3,92.4,1.0000000000000003e-05,True,120.742897,4.188
495,NVDA,2025-03-21,0.016438,227.0,Put,90.15,106.3,107.6,2.3085979785156248,True,120.742897,4.188
496,NVDA,2025-03-21,0.016438,228.0,Put,108.3,102.2,104.35,1.0000000000000003e-05,True,120.742897,4.188
497,NVDA,2025-03-21,0.016438,230.0,Put,90.31,108.75,112.65,2.691409521484375,True,120.742897,4.188
498,NVDA,2025-03-21,0.016438,235.0,Put,93.0,0.0,0.0,1.0000000000000003e-05,True,120.742897,4.188
499,NVDA,2025-03-21,0.016438,240.0,Put,93.35,120.95,122.55,3.1748067504882815,True,120.742897,4.188
500,NVDA,2025-03-21,0.016438,245.0,Put,107.15,123.85,124.35,1.9414065429687501,True,120.742897,4.188
501,NVDA,2025-03-21,0.016438,250.0,Put,108.0,130.9,132.4,3.2744158764648432,True,120.742897,4.188
502,NVDA,2025-03-21,0.016438,255.0,Put,118.6,133.75,137.0,2.8593778515625,True,120.742897,4.188
503,NVDA,2025-03-21,0.016438,260.0,Put,116.4,141.05,142.25,3.3969741638183595,True,120.742897,4.188
504,NVDA,2025-03-21,0.016438,265.0,Put,128.95,143.75,146.05,2.7041048022460936,True,120.742897,4.188
505,NVDA,2025-03-21,0.016438,290.0,Put,146.07,0.0,0.0,1.0000000000000003e-05,True,120.742897,4.188
506,NVDA,2025-03-21,0.016438,300.0,Put,170.65,179.0,179.45,2.587894155273437,True,120.742897,4.188
507,NVDA,2025-03-21,0.016438,320.0,Put,1.1,0.9,1.35,1.0000000000000003e-05,True,120.742897,4.188
508,NVDA,2025-03-21,0.016438,330.0,Put,1.25,0.76,1.63,1.0000000000000003e-05,True,120.742897,4.188
509,NVDA,2025-03-21,0.016438,340.0,Put,4.55,0.76,2.44,1.0000000000000003e-05,True,120.742897,4.188
510,NVDA,2025-03-21,0.016438,350.0,Put,1.5,1.2,1.73,1.0000000000000003e-05,True,120.742897,4.188
511,NVDA,2025-03-21,0.016438,360.0,Put,1.81,1.09,1.98,1.0000000000000003e-05,True,120.742897,4.188
512,NVDA,2025-03-21,0.016438,370.0,Put,3.0,1.21,2.11,1.0000000000000003e-05,True,120.742897,4.188
513,NVDA,2025-03-21,0.016438,380.0,Put,2.4,1.35,2.26,1.0000000000000003e-05,True,120.742897,4.188
514,NVDA,2025-03-21,0.016438,390.0,Put,2.15,1.75,2.3,1.0000000000000003e-05,True,120.742897,4.188
515,NVDA,2025-03-21,0.016438,400.0,Put,2.11,1.72,2.25,1.0000000000000003e-05,True,120.742897,4.188
516,NVDA,2025-03-21,0.016438,410.0,Put,2.88,1.81,2.59,1.0000000000000003e-05,True,120.742897,4.188
517,NVDA,2025-03-21,0.016438,420.0,Put,2.63,1.99,2.81,1.0000000000000003e-05,True,120.742897,4.188
518,NVDA,2025-03-21,0.016438,430.0,Put,2.79,2.18,3.15,1.0000000000000003e-05,True,120.742897,4.188
519,NVDA,2025-03-21,0.016438,440.0,Put,3.1,2.38,3.4,1.0000000000000003e-05,True,120.742897,4.188
520,NVDA,2025-03-21,0.016438,450.0,Put,3.3,2.76,3.25,1.0000000000000003e-05,True,120.742897,4.188
521,NVDA,2025-03-21,0.016438,460.0,Put,3.45,2.88,3.75,1.0000000000000003e-05,True,120.742897,4.188
522,NVDA,2025-03-21,0.016438,470.0,Put,3.4,3.05,4.15,1.0000000000000003e-05,True,120.742897,4.188
523,NVDA,2025-03-21,0.016438,480.0,Put,4.0,3.35,4.45,1.0000000000000003e-05,True,120.742897,4.188
524,NVDA,2025-03-21,0.016438,490.0,Put,4.6,3.6,4.75,1.0000000000000003e-05,True,120.742897,4.188
525,NVDA,2025-03-21,0.016438,500.0,Put,4.52,4.25,4.65,1.0000000000000003e-05,True,120.742897,4.188
526,NVDA,2025-03-21,0.016438,520.0,Put,5.35,5.0,5.65,1.0000000000000003e-05,True,120.742897,4.188
527,NVDA,2025-03-21,0.016438,540.0,Put,5.5,5.3,6.2,1.0000000000000003e-05,True,120.742897,4.188
528,NVDA,2025-03-21,0.016438,560.0,Put,7.5,6.45,7.1,1.0000000000000003e-05,True,120.742897,4.188
529,NVDA,2025-03-21,0.016438,580.0,Put,7.85,7.2,8.15,1.0000000000000003e-05,True,120.742897,4.188
530,NVDA,2025-03-21,0.016438,600.0,Put,9.2,9.0,9.5,1.0000000000000003e-05,True,120.742897,4.188
531,NVDA,2025-03-21,0.016438,620.0,Put,10.52,10.0,10.65,1.0000000000000003e-05,True,120.742897,4.188
532,NVDA,2025-03-21,0.016438,640.0,Put,12.15,11.45,12.3,1.0000000000000003e-05,True,120.742897,4.188
533,NVDA,2025-03-21,0.016438,660.0,Put,13.85,12.9,14.25,1.0000000000000003e-05,True,120.742897,4.188
534,NVDA,2025-03-21,0.016438,680.0,Put,15.63,15.15,15.85,1.0000000000000003e-05,True,120.742897,4.188
535,NVDA,2025-03-21,0.016438,700.0,Put,18.25,17.25,18.15,1.0000000000000003e-05,True,120.742897,4.188
536,NVDA,2025-03-21,0.016438,710.0,Put,18.97,18.4,19.0,1.0000000000000003e-05,True,120.742897,4.188
537,NVDA,2025-03-21,0.016438,720.0,Put,19.87,19.6,20.2,1.0000000000000003e-05,True,120.742897,4.188
538,NVDA,2025-03-21,0.016438,730.0,Put,22.14,20.85,22.0,1.0000000000000003e-05,True,120.742897,4.188
539,NVDA,2025-03-21,0.016438,740.0,Put,24.67,22.15,23.15,1.0000000000000003e-05,True,120.742897,4.188
540,NVDA,2025-03-21,0.016438,750.0,Put,23.97,23.55,24.35,1.0000000000000003e-05,True,120.742897,4.188
541,NVDA,2025-03-21,0.016438,760.0,Put,25.32,24.95,25.7,1.0000000000000003e-05,True,120.742897,4.188
542,NVDA,2025-03-21,0.016438,770.0,Put,27.21,26.45,28.0,1.0000000000000003e-05,True,120.742897,4.188
543,NVDA,2025-03-21,0.016438,780.0,Put,31.26,28.1,29.35,1.0000000000000003e-05,True,120.742897,4.188
544,NVDA,2025-03-21,0.016438,790.0,Put,30.4,29.75,30.75,1.0000000000000003e-05,True,120.742897,4.188
545,NVDA,2025-03-21,0.016438,800.0,Put,32.0,31.1,32.85,1.0000000000000003e-05,True,120.742897,4.188
546,NVDA,2025-03-21,0.016438,810.0,Put,35.17,33.3,34.7,1.0000000000000003e-05,True,120.742897,4.188
547,NVDA,2025-03-21,0.016438,820.0,Put,37.5,35.2,36.15,1.0000000000000003e-05,True,120.742897,4.188
548,NVDA,2025-03-21,0.016438,830.0,Put,40.84,37.1,38.05,1.0000000000000003e-05,True,120.742897,4.188
549,NVDA,2025-03-21,0.016438,840.0,Put,39.94,39.25,40.35,1.0000000000000003e-05,True,120.742897,4.188
550,NVDA,2025-03-21,0.016438,850.0,Put,41.86,41.4,42.3,1.0000000000000003e-05,True,120.742897,4.188
551,NVDA,2025-03-21,0.016438,860.0,Put,45.47,43.55,44.65,1.0000000000000003e-05,True,120.742897,4.188
552,NVDA,2025-03-21,0.016438,880.0,Put,51.25,48.3,49.25,1.0000000000000003e-05,True,120.742897,4.188
553,NVDA,2025-03-21,0.016438,900.0,Put,53.69,53.3,54.3,1.0000000000000003e-05,True,120.742897,4.188
554,NVDA,2025-03-21,0.016438,920.0,Put,59.35,58.65,60.0,1.0000000000000003e-05,True,120.742897,4.188
555,NVDA,2025-03-21,0.016438,940.0,Put,69.59,64.35,65.55,1.0000000000000003e-05,True,120.742897,4.188
556,NVDA,2025-03-21,0.016438,960.0,Put,72.03,70.45,71.7,1.0000000000000003e-05,True,120.742897,4.188
557,NVDA,2025-03-21,0.016438,980.0,Put,83.5,76.85,77.95,1.0000000000000003e-05,True,120.742897,4.188
558,NVDA,2025-03-21,0.016438,1000.0,Put,85.2,83.5,84.75,1.0000000000000003e-05,True,120.742897,4.188
559,NVDA,2025-03-21,0.016438,1020.0,Put,93.3,90.55,92.25,1.0000000000000003e-05,True,120.742897,4.188
560,NVDA,2025-03-21,0.016438,1040.0,Put,98.65,98.1,99.55,1.0000000000000003e-05,True,120.742897,4.188
561,NVDA,2025-03-21,0.016438,1060.0,Put,108.39,105.9,107.55,1.0000000000000003e-05,True,120.742897,4.188
562,NVDA,2025-03-21,0.016438,1080.0,Put,121.0,114.05,115.8,1.0000000000000003e-05,True,120.742897,4.188
563,NVDA,2025-03-21,0.016438,1100.0,Put,123.43,122.5,124.45,1.0000000000000003e-05,True,120.742897,4.188
564,NVDA,2025-03-21,0.016438,1120.0,Put,132.39,131.5,133.7,1.0000000000000003e-05,True,120.742897,4.188
565,NVDA,2025-03-21,0.016438,1140.0,Put,151.4,140.8,142.65,1.0000000000000003e-05,True,120.742897,4.188
566,NVDA,2025-03-21,0.016438,1160.0,Put,153.3,150.4,152.25,1.0000000000000003e-05,True,120.742897,4.188
567,NVDA,2025-03-21,0.016438,1180.0,Put,160.5,160.35,162.5,1.0000000000000003e-05,True,120.742897,4.188
568,NVDA,2025-03-21,0.016438,1200.0,Put,176.05,170.6,172.75,1.0000000000000003e-05,True,120.742897,4.188
569,NVDA,2025-03-21,0.016438,1220.0,Put,187.32,181.25,183.75,1.0000000000000003e-05,True,120.742897,4.188
570,NVDA,2025-03-21,0.016438,1240.0,Put,225.18,192.15,194.85,1.0000000000000003e-05,True,120.742897,4.188
571,NVDA,2025-03-21,0.016438,1260.0,Put,215.45,203.5,206.15,1.0000000000000003e-05,True,120.742897,4.188
572,NVDA,2025-03-21,0.016438,1280.0,Put,252.0,214.95,217.85,1.0000000000000003e-05,True,120.742897,4.188
573,NVDA,2025-03-21,0.016438,1300.0,Put,222.04,227.2,229.7,1.0000000000000003e-05,True,120.742897,4.188
574,NVDA,2025-03-21,0.016438,1340.0,Put,247.45,251.35,256.0,1.0000000000000003e-05,True,120.742897,4.188
575,NVDA,2025-03-21,0.016438,1360.0,Put,271.61,264.25,267.05,1.0000000000000003e-05,True,120.742897,4.188
576,NVDA,2025-03-21,0.016438,1370.0,Put,312.95,270.85,273.75,1.0000000000000003e-05,True,120.742897,4.188
577,NVDA,2025-03-21,0.016438,1380.0,Put,455.73,277.4,282.25,1.0000000000000003e-05,True,120.742897,4.188
578,NVDA,2025-03-21,0.016438,1390.0,Put,506.65,284.15,288.8,1.0000000000000003e-05,True,120.742897,4.188
579,NVDA,2025-03-21,0.016438,1400.0,Put,326.6,290.9,297.4,1.0000000000000003e-05,True,120.742897,4.188
580,NVDA,2025-03-21,0.016438,1410.0,Put,479.84,295.8,301.75,1.0000000000000003e-05,True,120.742897,4.188
581,NVDA,2025-03-21,0.016438,1420.0,Put,321.75,302.55,311.65,1.0000000000000003e-05,True,120.742897,4.188
582,NVDA,2025-03-21,0.016438,1430.0,Put,498.3,309.7,318.55,1.0000000000000003e-05,True,120.742897,4.188
583,NVDA,2025-03-21,0.016438,1440.0,Put,517.9,316.6,325.7,1.0000000000000003e-05,True,120.742897,4.188
584,NVDA,2025-03-21,0.016438,1450.0,Put,515.77,323.65,332.1,1.0000000000000003e-05,True,120.742897,4.188
585,NVDA,2025-03-21,0.016438,1460.0,Put,594.2,576.9,587.3,1.0000000000000003e-05,True,120.742897,4.188
586,NVDA,2025-03-21,0.016438,1470.0,Put,586.73,583.95,597.5,1.0000000000000003e-05,True,120.742897,4.188
587,NVDA,2025-03-21,0.016438,1480.0,Put,458.37,345.1,353.7,1.0000000000000003e-05,True,120.742897,4.188
588,NVDA,2025-03-21,0.016438,1490.0,Put,602.2,606.7,612.95,1.0000000000000003e-05,True,120.742897,4.188
589,NVDA,2025-03-21,0.016438,1500.0,Put,380.0,359.95,367.7,1.0000000000000003e-05,True,120.742897,4.188
590,NVDA,2025-03-21,0.016438,1510.0,Put,691.11,0.0,0.0,1.0000000000000003e-05,True,120.742897,4.188
591,NVDA,2025-03-21,0.016438,1520.0,Put,616.55,641.2,653.95,1.0000000000000003e-05,True,120.742897,4.188
592,NVDA,2025-03-21,0.016438,1530.0,Put,627.6,698.4,713.8,1.0000000000000003e-05,True,120.742897,4.188
593,NVDA,2025-03-21,0.016438,1540.0,Put,638.1,658.25,670.1,1.0000000000000003e-05,True,120.742897,4.188
594,NVDA,2025-03-21,0.016438,1550.0,Put,416.0,397.6,405.75,1.0000000000000003e-05,True,120.742897,4.188
595,NVDA,2025-03-21,0.016438,1560.0,Put,657.0,405.4,414.5,1.0000000000000003e-05,True,120.742897,4.188
596,NVDA,2025-03-21,0.016438,1570.0,Put,666.55,413.1,421.9,1.0000000000000003e-05,True,120.742897,4.188
597,NVDA,2025-03-21,0.016438,1580.0,Put,658.8,808.0,826.0,1.0000000000000003e-05,True,120.742897,4.188
598,NVDA,2025-03-21,0.016438,1590.0,Put,729.8,715.45,727.8,1.0000000000000003e-05,True,120.742897,4.188
599,NVDA,2025-03-21,0.016438,1600.0,Put,658.0,437.0,445.2,1.0000000000000003e-05,True,120.742897,4.188
600,NVDA,2025-03-21,0.016438,1610.0,Put,790.98,0.0,0.0,1.0000000000000003e-05,True,120.742897,4.188
601,NVDA,2025-03-21,0.016438,1620.0,Put,712.4,734.1,747.0,1.0000000000000003e-05,True,120.742897,4.188
602,NVDA,2025-03-21,0.016438,1650.0,Put,751.6,763.1,776.55,1.0000000000000003e-05,True,120.742897,4.188
603,NVDA,2025-03-21,0.016438,1660.0,Put,782.95,534.9,545.2,1.0000000000000003e-05,True,120.742897,4.188
604,NVDA,2025-03-21,0.016438,1680.0,Put,639.07,503.4,511.1,1.0000000000000003e-05,True,120.742897,4.188
605,NVDA,2025-03-21,0.016438,1690.0,Put,812.6,589.75,605.2,1.0000000000000003e-05,True,120.742897,4.188
606,NVDA,2025-03-21,0.016438,1700.0,Put,616.67,518.9,528.4,1.0000000000000003e-05,True,120.742897,4.188
607,NVDA,2025-03-21,0.016438,1710.0,Put,846.8,831.05,850.0,1.0000000000000003e-05,True,120.742897,4.188
608,NVDA,2025-03-21,0.016438,1720.0,Put,808.35,832.3,850.0,1.0000000000000003e-05,True,120.742897,4.188
609,NVDA,2025-03-21,0.016438,1740.0,Put,837.65,852.3,870.0,1.0000000000000003e-05,True,120.742897,4.188
610,NVDA,2025-03-21,0.016438,1760.0,Put,847.5,872.35,890.0,1.0000000000000003e-05,True,120.742897,4.188
611,NVDA,2025-03-21,0.016438,1780.0,Put,862.17,577.1,585.1,1.0000000000000003e-05,True,120.742897,4.188
612,NVDA,2025-03-21,0.016438,1790.0,Put,912.5,685.55,699.9,1.0000000000000003e-05,True,120.742897,4.188
613,NVDA,2025-03-21,0.016438,1800.0,Put,710.47,605.35,615.6,1.0000000000000003e-05,True,120.742897,4.188
614,NVDA,2025-03-21,0.016438,1810.0,Put,856.35,1004.0,1022.0,1.0000000000000003e-05,True,120.742897,4.188
615,NVDA,2025-03-21,0.016438,1830.0,Put,908.95,1058.0,1078.0,1.0000000000000003e-05,True,120.742897,4.188
616,NVDA,2025-03-21,0.016438,1880.0,Put,833.62,679.7,688.3,1.0000000000000003e-05,True,120.742897,4.188
617,NVDA,2025-03-21,0.016438,1900.0,Put,1028.2,750.05,768.0,1.0000000000000003e-05,True,120.742897,4.188
618,NVDA,2025-03-21,0.016438,2000.0,Put,853.89,789.75,803.6,1.0000000000000003e-05,True,120.742897,4.188
619,NVDA,2025-03-21,0.016438,2050.0,Put,899.07,837.8,851.2,1.0000000000000003e-05,True,120.742897,4.188
620,NVDA,2025-03-21,0.016438,2100.0,Put,947.78,886.05,899.8,1.0000000000000003e-05,True,120.742897,4.188
621,NVDA,2025-03-21,0.016438,2120.0,Put,967.42,905.8,919.65,1.0000000000000003e-05,True,120.742897,4.188
622,NVDA,2025-03-21,0.016438,2130.0,Put,934.72,915.55,929.45,1.0000000000000003e-05,True,120.742897,4.188
623,NVDA,2025-03-21,0.016438,2150.0,Put,953.62,934.5,949.85,1.0000000000000003e-05,True,120.742897,4.188
624,NVDA,2025-03-21,0.016438,2160.0,Put,1012.23,945.15,959.85,1.0000000000000003e-05,True,120.742897,4.188
625,NVDA,2025-03-21,0.016438,2200.0,Put,1047.78,983.55,999.55,1.0000000000000003e-05,True,120.742897,4.188
626,NVDA,2025-03-21,0.016438,2220.0,Put,1067.4,1003.8,1019.6,1.0000000000000003e-05,True,120.742897,4.188
627,NVDA,2025-03-21,0.016438,2250.0,Put,1104.6,1032.0,1051.5,1.0000000000000003e-05,True,120.742897,4.188
628,NVDA,2025-04-17,0.090411,5.0,Call,116.11,115.6,116.15,4.546879316406249,True,120.742897,4.188
629,NVDA,2025-04-17,0.090411,10.0,Call,98.97,110.65,111.3,3.7890630273437504,True,120.742897,4.188
630,NVDA,2025-04-17,0.090411,15.0,Call,91.3,105.75,106.35,3.285158037109375,True,120.742897,4.188
631,NVDA,2025-04-17,0.090411,20.0,Call,88.98,100.7,101.3,2.74219064453125,True,120.742897,4.188
632,NVDA,2025-04-17,0.090411,25.0,Call,95.51,95.75,96.4,2.5058631103515623,True,120.742897,4.188
633,NVDA,2025-04-17,0.090411,30.0,Call,81.52,90.8,91.45,2.275394936523437,True,120.742897,4.188
634,NVDA,2025-04-17,0.090411,35.0,Call,73.38,85.95,86.45,2.0976610058593748,True,120.742897,4.188
635,NVDA,2025-04-17,0.090411,40.0,Call,80.12,80.95,81.45,1.8828130859374999,True,120.742897,4.188
636,NVDA,2025-04-17,0.090411,45.0,Call,70.17,75.9,76.45,1.6796891015625,True,120.742897,4.188
637,NVDA,2025-04-17,0.090411,50.0,Call,70.18,70.95,71.6,1.5732443212890623,True,120.742897,4.188
638,NVDA,2025-04-17,0.090411,55.0,Call,65.77,65.9,66.5,1.3789093554687497,True,120.742897,4.188
639,NVDA,2025-04-17,0.090411,60.0,Call,59.85,60.9,61.55,1.25390998046875,True,120.742897,4.188
640,NVDA,2025-04-17,0.090411,65.0,Call,56.31,56.35,56.5,1.2075234936523436,True,120.742897,4.188
641,NVDA,2025-04-17,0.090411,70.0,Call,51.52,51.45,51.65,1.1220747021484376,True,120.742897,4.188
642,NVDA,2025-04-17,0.090411,75.0,Call,46.65,46.45,46.6,0.9941406835937501,True,120.742897,4.188
643,NVDA,2025-04-17,0.090411,80.0,Call,42.0,41.55,41.75,0.91211025390625,True,120.742897,4.188
644,NVDA,2025-04-17,0.090411,85.0,Call,36.67,36.55,36.85,0.8125018749999999,True,120.742897,4.188
645,NVDA,2025-04-17,0.090411,90.0,Call,31.62,31.85,32.05,0.7517114672851561,True,120.742897,4.188
646,NVDA,2025-04-17,0.090411,95.0,Call,27.3,27.05,27.2,0.6709017285156251,True,120.742897,4.188
647,NVDA,2025-04-17,0.090411,100.0,Call,22.7,22.5,22.65,0.6203651245117189,True,120.742897,4.188
648,NVDA,2025-04-17,0.090411,105.0,Call,18.45,18.35,18.45,0.5918009570312501,True,120.742897,4.188
649,NVDA,2025-04-17,0.090411,110.0,Call,14.7,14.5,14.6,0.5659223095703125,True,120.742897,4.188
650,NVDA,2025-04-17,0.090411,115.0,Call,11.04,11.05,11.1,0.5405319384765627,True,120.742897,4.188
651,NVDA,2025-04-17,0.090411,120.0,Call,8.18,8.15,8.25,0.5260057165527343,True,120.742897,4.188
652,NVDA,2025-04-17,0.090411,125.0,Call,5.8,5.8,5.85,0.5118457019042968,False,120.742897,4.188
653,NVDA,2025-04-17,0.090411,130.0,Call,3.93,3.95,4.0,0.5017139672851563,False,120.742897,4.188
654,NVDA,2025-04-17,0.090411,135.0,Call,2.65,2.6,2.62,0.49121602539062503,False,120.742897,4.188
655,NVDA,2025-04-17,0.090411,140.0,Call,1.71,1.71,1.73,0.4907277490234375,False,120.742897,4.188
656,NVDA,2025-04-17,0.090411,145.0,Call,1.11,1.09,1.1,0.4885305053710938,False,120.742897,4.188
657,NVDA,2025-04-17,0.090411,150.0,Call,0.75,0.72,0.74,0.49658706542968756,False,120.742897,4.188
658,NVDA,2025-04-17,0.090411,155.0,Call,0.49,0.48,0.49,0.5014698291015626,False,120.742897,4.188
659,NVDA,2025-04-17,0.090411,160.0,Call,0.35,0.35,0.36,0.51758294921875,False,120.742897,4.188
660,NVDA,2025-04-17,0.090411,165.0,Call,0.25,0.26,0.27,0.5336960693359375,False,120.742897,4.188
661,NVDA,2025-04-17,0.090411,170.0,Call,0.2,0.19,0.2,0.5468795312500001,False,120.742897,4.188
662,NVDA,2025-04-17,0.090411,175.0,Call,0.16,0.15,0.16,0.5644574804687501,False,120.742897,4.188
663,NVDA,2025-04-17,0.090411,180.0,Call,0.12,0.12,0.13,0.5820354296875,False,120.742897,4.188
664,NVDA,2025-04-17,0.090411,185.0,Call,0.1,0.1,0.11,0.6015664843750002,False,120.742897,4.188
665,NVDA,2025-04-17,0.090411,190.0,Call,0.09,0.08,0.09,0.6171913281250001,False,120.742897,4.188
666,NVDA,2025-04-17,0.090411,195.0,Call,0.08,0.07,0.08,0.6367223828125,False,120.742897,4.188
667,NVDA,2025-04-17,0.090411,200.0,Call,0.07,0.06,0.07,0.6543003320312502,False,120.742897,4.188
668,NVDA,2025-04-17,0.090411,210.0,Call,0.05,0.05,0.06,0.6953155468750001,False,120.742897,4.188
669,NVDA,2025-04-17,0.090411,220.0,Call,0.04,0.04,0.05,0.7304714453125,False,120.742897,4.188
670,NVDA,2025-04-17,0.090411,230.0,Call,0.03,0.03,0.04,0.7578149218750001,False,120.742897,4.188
671,NVDA,2025-04-17,0.090411,240.0,Call,0.03,0.03,0.04,0.8007832421875,False,120.742897,4.188
672,NVDA,2025-04-17,0.090411,250.0,Call,0.03,0.02,0.03,0.8125018749999999,False,120.742897,4.188
673,NVDA,2025-04-17,0.090411,260.0,Call,0.02,0.01,0.03,0.8359391406249999,False,120.742897,4.188
674,NVDA,2025-04-17,0.090411,280.0,Call,0.02,0.01,0.02,0.8828136718749999,False,120.742897,4.188
675,NVDA,2025-04-17,0.090411,290.0,Call,0.01,0.01,0.02,0.92187578125,False,120.742897,4.188
676,NVDA,2025-04-17,0.090411,300.0,Call,0.01,0.0,0.02,0.92187578125,False,120.742897,4.188
677,NVDA,2025-04-17,0.090411,5.0,Put,0.01,0.0,0.01,3.2500018749999997,False,120.742897,4.188
678,NVDA,2025-04-17,0.090411,10.0,Put,0.01,0.0,0.01,2.50000375,False,120.742897,4.188
679,NVDA,2025-04-17,0.090411,15.0,Put,0.01,0.0,0.01,2.1250046874999997,False,120.742897,4.188
680,NVDA,2025-04-17,0.090411,20.0,Put,0.01,0.0,0.01,1.8125009374999999,False,120.742897,4.188
681,NVDA,2025-04-17,0.090411,25.0,Put,0.01,0.01,0.02,1.75000125,False,120.742897,4.188
682,NVDA,2025-04-17,0.090411,30.0,Put,0.02,0.02,0.03,1.625001875,False,120.742897,4.188
683,NVDA,2025-04-17,0.090411,35.0,Put,0.04,0.03,0.04,1.5000025,False,120.742897,4.188
684,NVDA,2025-04-17,0.090411,40.0,Put,0.04,0.04,0.05,1.3828155859374998,False,120.742897,4.188
685,NVDA,2025-04-17,0.090411,45.0,Put,0.07,0.06,0.07,1.29297228515625,False,120.742897,4.188
686,NVDA,2025-04-17,0.090411,50.0,Put,0.08,0.08,0.09,1.203128984375,False,120.742897,4.188
687,NVDA,2025-04-17,0.090411,55.0,Put,0.1,0.1,0.11,1.109379453125,False,120.742897,4.188
688,NVDA,2025-04-17,0.090411,60.0,Put,0.12,0.12,0.13,1.01953615234375,False,120.742897,4.188
689,NVDA,2025-04-17,0.090411,65.0,Put,0.15,0.15,0.16,0.9414068359375,False,120.742897,4.188
690,NVDA,2025-04-17,0.090411,70.0,Put,0.2,0.19,0.2,0.86914193359375,False,120.742897,4.188
691,NVDA,2025-04-17,0.090411,75.0,Put,0.25,0.25,0.26,0.805666005859375,False,120.742897,4.188
692,NVDA,2025-04-17,0.090411,80.0,Put,0.32,0.32,0.33,0.7412135253906249,False,120.742897,4.188
693,NVDA,2025-04-17,0.090411,85.0,Put,0.42,0.43,0.44,0.684573466796875,False,120.742897,4.188
694,NVDA,2025-04-17,0.090411,90.0,Put,0.58,0.58,0.6,0.6313513427734375,False,120.742897,4.188
695,NVDA,2025-04-17,0.090411,95.0,Put,0.83,0.84,0.86,0.5874064697265625,False,120.742897,4.188
696,NVDA,2025-04-17,0.090411,100.0,Put,1.28,1.27,1.29,0.5524947094726562,False,120.742897,4.188
697,NVDA,2025-04-17,0.090411,105.0,Put,2.01,2.0,2.02,0.5289353747558594,False,120.742897,4.188
698,NVDA,2025-04-17,0.090411,110.0,Put,3.1,3.05,3.15,0.5091601818847658,False,120.742897,4.188
699,NVDA,2025-04-17,0.090411,115.0,Put,4.7,4.65,4.75,0.4998829309082031,False,120.742897,4.188
700,NVDA,2025-04-17,0.090411,120.0,Put,6.75,6.7,6.75,0.47949739257812496,False,120.742897,4.188
701,NVDA,2025-04-17,0.090411,125.0,Put,9.4,9.35,9.4,0.46680220703125,True,120.742897,4.188
702,NVDA,2025-04-17,0.090411,130.0,Put,12.5,12.6,12.7,0.4622856506347657,True,120.742897,4.188
703,NVDA,2025-04-17,0.090411,135.0,Put,16.2,16.25,16.45,0.45654840332031255,True,120.742897,4.188
704,NVDA,2025-04-17,0.090411,140.0,Put,20.07,20.3,20.45,0.43555251953125,True,120.742897,4.188
705,NVDA,2025-04-17,0.090411,145.0,Put,24.49,24.8,25.0,0.4419001123046875,True,120.742897,4.188
706,NVDA,2025-04-17,0.090411,150.0,Put,29.45,29.5,29.7,0.4458063232421875,True,120.742897,4.188
707,NVDA,2025-04-17,0.090411,155.0,Put,33.9,34.3,34.5,0.445318046875,True,120.742897,4.188
708,NVDA,2025-04-17,0.090411,160.0,Put,38.75,38.95,39.25,0.32813171874999997,True,120.742897,4.188
709,NVDA,2025-04-17,0.090411,165.0,Put,45.1,44.05,44.3,0.43164630859375,True,120.742897,4.188
710,NVDA,2025-04-17,0.090411,170.0,Put,53.3,49.0,49.2,1.0000000000000003e-05,True,120.742897,4.188
711,NVDA,2025-04-17,0.090411,175.0,Put,55.5,53.95,54.3,0.500005,True,120.742897,4.188
712,NVDA,2025-04-17,0.090411,180.0,Put,60.6,58.95,59.25,0.445318046875,True,120.742897,4.188
713,NVDA,2025-04-17,0.090411,185.0,Put,63.85,64.0,64.5,0.68555001953125,True,120.742897,4.188
714,NVDA,2025-04-17,0.090411,190.0,Put,67.85,68.85,69.4,0.6709017285156251,True,120.742897,4.188
715,NVDA,2025-04-17,0.090411,195.0,Put,72.6,73.85,74.35,0.6699251757812501,True,120.742897,4.188
716,NVDA,2025-04-17,0.090411,200.0,Put,83.55,79.0,79.45,0.7617211328125001,True,120.742897,4.188
717,NVDA,2025-04-17,0.090411,210.0,Put,78.4,91.25,91.95,1.2880894970703123,True,120.742897,4.188
718,NVDA,2025-04-17,0.090411,220.0,Put,81.94,85.05,86.15,1.0000000000000003e-05,True,120.742897,4.188
719,NVDA,2025-04-17,0.090411,230.0,Put,92.4,95.05,96.15,1.0000000000000003e-05,True,120.742897,4.188
720,NVDA,2025-04-17,0.090411,240.0,Put,104.7,119.3,121.25,1.2612341625976562,True,120.742897,4.188
721,NVDA,2025-04-17,0.090411,280.0,Put,143.35,159.15,160.8,1.3872100952148436,True,120.742897,4.188
722,NVDA,2025-04-17,0.090411,290.0,Put,143.13,155.05,156.15,1.0000000000000003e-05,True,120.742897,4.188
723,NVDA,2025-04-17,0.090411,300.0,Put,172.9,179.0,179.5,0.937500625,True,120.742897,4.188
724,NVDA,2025-05-16,0.169863,5.0,Call,111.32,115.8,116.4,4.019536225585938,True,120.742897,4.188
725,NVDA,2025-05-16,0.169863,10.0,Call,107.1,110.8,111.4,3.0332055419921877,True,120.742897,4.188
726,NVDA,2025-05-16,0.169863,15.0,Call,91.26,105.7,106.3,2.3828165429687496,True,120.742897,4.188
727,NVDA,2025-05-16,0.169863,20.0,Call,91.38,100.85,101.45,2.2011763720703117,True,120.742897,4.188
728,NVDA,2025-05-16,0.169863,25.0,Call,104.2,95.9,96.55,1.9853516357421874,True,120.742897,4.188
729,NVDA,2025-05-16,0.169863,30.0,Call,78.57,90.85,91.5,1.7285169824218751,True,120.742897,4.188
730,NVDA,2025-05-16,0.169863,35.0,Call,76.96,85.9,86.5,1.5595725146484374,True,120.742897,4.188
731,NVDA,2025-05-16,0.169863,40.0,Call,80.66,81.1,81.75,1.505861845703125,True,120.742897,4.188
732,NVDA,2025-05-16,0.169863,45.0,Call,62.26,76.15,76.75,1.3667023852539062,True,120.742897,4.188
733,NVDA,2025-05-16,0.169863,50.0,Call,71.63,71.2,71.85,1.2587927685546876,True,120.742897,4.188
734,NVDA,2025-05-16,0.169863,55.0,Call,66.45,66.35,66.9,1.1650432373046877,True,120.742897,4.188
735,NVDA,2025-05-16,0.169863,60.0,Call,61.35,61.5,61.7,1.0449266503906252,True,120.742897,4.188
736,NVDA,2025-05-16,0.169863,65.0,Call,51.45,56.7,56.95,0.9907227490234375,True,120.742897,4.188
737,NVDA,2025-05-16,0.169863,70.0,Call,51.65,51.6,52.05,0.8901378173828124,True,120.742897,4.188
738,NVDA,2025-05-16,0.169863,75.0,Call,45.95,47.0,47.2,0.84179845703125,True,120.742897,4.188
739,NVDA,2025-05-16,0.169863,80.0,Call,42.2,41.95,42.3,0.7524438818359375,True,120.742897,4.188
740,NVDA,2025-05-16,0.169863,85.0,Call,38.07,37.35,37.6,0.708010732421875,True,120.742897,4.188
741,NVDA,2025-05-16,0.169863,90.0,Call,33.04,32.8,32.95,0.6617465466308594,True,120.742897,4.188
742,NVDA,2025-05-16,0.169863,95.0,Call,28.52,28.35,28.55,0.6237830590820312,True,120.742897,4.188
743,NVDA,2025-05-16,0.169863,100.0,Call,24.25,24.2,24.4,0.5964395825195312,True,120.742897,4.188
744,NVDA,2025-05-16,0.169863,105.0,Call,20.46,20.3,20.45,0.570316796875,True,120.742897,4.188
745,NVDA,2025-05-16,0.169863,110.0,Call,16.8,16.75,16.9,0.5513960876464845,True,120.742897,4.188
746,NVDA,2025-05-16,0.169863,115.0,Call,13.61,13.55,13.65,0.5332688275146484,True,120.742897,4.188
747,NVDA,2025-05-16,0.169863,120.0,Call,11.0,10.8,10.9,0.5218553674316406,True,120.742897,4.188
748,NVDA,2025-05-16,0.169863,125.0,Call,8.49,8.45,8.5,0.510869149169922,False,120.742897,4.188
749,NVDA,2025-05-16,0.169863,130.0,Call,6.47,6.5,6.55,0.5029346582031251,False,120.742897,4.188
750,NVDA,2025-05-16,0.169863,135.0,Call,4.95,4.9,4.95,0.49695327270507816,False,120.742897,4.188
751,NVDA,2025-05-16,0.169863,140.0,Call,3.64,3.65,3.75,0.4950001672363281,False,120.742897,4.188
752,NVDA,2025-05-16,0.169863,145.0,Call,2.74,2.72,2.74,0.4887746435546876,False,120.742897,4.188
753,NVDA,2025-05-16,0.169863,150.0,Call,2.02,2.0,2.02,0.48730981445312505,False,120.742897,4.188
754,NVDA,2025-05-16,0.169863,155.0,Call,1.55,1.49,1.51,0.48950705810546885,False,120.742897,4.188
755,NVDA,2025-05-16,0.169863,160.0,Call,1.16,1.12,1.14,0.49341326904296884,False,120.742897,4.188
756,NVDA,2025-05-16,0.169863,165.0,Call,0.88,0.86,0.87,0.49878430908203125,False,120.742897,4.188
757,NVDA,2025-05-16,0.169863,170.0,Call,0.68,0.66,0.68,0.5046436254882812,False,120.742897,4.188
758,NVDA,2025-05-16,0.169863,175.0,Call,0.54,0.53,0.55,0.514653291015625,False,120.742897,4.188
759,NVDA,2025-05-16,0.169863,180.0,Call,0.44,0.43,0.44,0.523442265625,False,120.742897,4.188
760,NVDA,2025-05-16,0.169863,185.0,Call,0.35,0.36,0.37,0.5351608984375,False,120.742897,4.188
761,NVDA,2025-05-16,0.169863,190.0,Call,0.29,0.29,0.3,0.5429733203125001,False,120.742897,4.188
762,NVDA,2025-05-16,0.169863,195.0,Call,0.25,0.25,0.26,0.5551802294921876,False,120.742897,4.188
763,NVDA,2025-05-16,0.169863,200.0,Call,0.22,0.21,0.23,0.5664105859375,False,120.742897,4.188
764,NVDA,2025-05-16,0.169863,210.0,Call,0.17,0.16,0.17,0.58789474609375,False,120.742897,4.188
765,NVDA,2025-05-16,0.169863,220.0,Call,0.12,0.13,0.14,0.6123085644531252,False,120.742897,4.188
766,NVDA,2025-05-16,0.169863,230.0,Call,0.1,0.09,0.1,0.62305064453125,False,120.742897,4.188
767,NVDA,2025-05-16,0.169863,240.0,Call,0.09,0.08,0.09,0.649417568359375,False,120.742897,4.188
768,NVDA,2025-05-16,0.169863,250.0,Call,0.07,0.07,0.08,0.6718782812500002,False,120.742897,4.188
769,NVDA,2025-05-16,0.169863,260.0,Call,0.08,0.06,0.07,0.69336244140625,False,120.742897,4.188
770,NVDA,2025-05-16,0.169863,270.0,Call,0.05,0.05,0.06,0.710940390625,False,120.742897,4.188
771,NVDA,2025-05-16,0.169863,280.0,Call,0.05,0.04,0.05,0.7226590234375,False,120.742897,4.188
772,NVDA,2025-05-16,0.169863,290.0,Call,0.05,0.03,0.05,0.7402369726562499,False,120.742897,4.188
773,NVDA,2025-05-16,0.169863,300.0,Call,0.03,0.03,0.04,0.7539087109375,False,120.742897,4.188
774,NVDA,2025-05-16,0.169863,5.0,Put,0.01,0.0,0.01,2.3750040624999995,False,120.742897,4.188
775,NVDA,2025-05-16,0.169863,10.0,Put,0.01,0.0,0.01,1.875000625,False,120.742897,4.188
776,NVDA,2025-05-16,0.169863,15.0,Put,0.01,0.0,0.02,1.65625171875,False,120.742897,4.188
777,NVDA,2025-05-16,0.169863,20.0,Put,0.04,0.01,0.02,1.46875265625,False,120.742897,4.188
778,NVDA,2025-05-16,0.169863,25.0,Put,0.03,0.02,0.03,1.359378203125,False,120.742897,4.188
779,NVDA,2025-05-16,0.169863,30.0,Put,0.04,0.04,0.05,1.2773473632812498,False,120.742897,4.188
780,NVDA,2025-05-16,0.169863,35.0,Put,0.06,0.05,0.06,1.1640666796875,False,120.742897,4.188
781,NVDA,2025-05-16,0.169863,40.0,Put,0.08,0.07,0.08,1.08203583984375,False,120.742897,4.188
782,NVDA,2025-05-16,0.169863,45.0,Put,0.11,0.1,0.11,1.015629921875,False,120.742897,4.188
783,NVDA,2025-05-16,0.169863,50.0,Put,0.13,0.13,0.14,0.9433599414062499,False,120.742897,4.188
784,NVDA,2025-05-16,0.169863,55.0,Put,0.18,0.17,0.18,0.8808605664062499,False,120.742897,4.188
785,NVDA,2025-05-16,0.169863,60.0,Put,0.24,0.23,0.24,0.8271501660156249,False,120.742897,4.188
786,NVDA,2025-05-16,0.169863,65.0,Put,0.31,0.3,0.31,0.773439765625,False,120.742897,4.188
787,NVDA,2025-05-16,0.169863,70.0,Put,0.39,0.39,0.41,0.725588681640625,False,120.742897,4.188
788,NVDA,2025-05-16,0.169863,75.0,Put,0.52,0.51,0.52,0.6772493212890626,False,120.742897,4.188
789,NVDA,2025-05-16,0.169863,80.0,Put,0.68,0.67,0.68,0.6337927246093751,False,120.742897,4.188
790,NVDA,2025-05-16,0.169863,85.0,Put,0.9,0.9,0.92,0.5961954443359375,False,120.742897,4.188
791,NVDA,2025-05-16,0.169863,90.0,Put,1.23,1.24,1.25,0.5627485131835939,False,120.742897,4.188
792,NVDA,2025-05-16,0.169863,95.0,Put,1.76,1.74,1.77,0.5367477966308594,False,120.742897,4.188
793,NVDA,2025-05-16,0.169863,100.0,Put,2.5,2.5,2.51,0.516606396484375,False,120.742897,4.188
794,NVDA,2025-05-16,0.169863,105.0,Put,3.53,3.55,3.6,0.5018360363769532,False,120.742897,4.188
795,NVDA,2025-05-16,0.169863,110.0,Put,5.0,4.95,5.0,0.4896291271972657,False,120.742897,4.188
796,NVDA,2025-05-16,0.169863,115.0,Put,6.75,6.7,6.8,0.47803256347656253,False,120.742897,4.188
797,NVDA,2025-05-16,0.169863,120.0,Put,8.9,8.9,8.95,0.46411668701171876,False,120.742897,4.188
798,NVDA,2025-05-16,0.169863,125.0,Put,11.6,11.5,11.6,0.45477840148925786,True,120.742897,4.188
799,NVDA,2025-05-16,0.169863,130.0,Put,14.57,14.65,14.75,0.4500787414550781,True,120.742897,4.188
800,NVDA,2025-05-16,0.169863,135.0,Put,18.01,18.0,18.1,0.43567458862304687,True,120.742897,4.188
801,NVDA,2025-05-16,0.169863,140.0,Put,21.58,21.75,21.9,0.4265194067382813,True,120.742897,4.188
802,NVDA,2025-05-16,0.169863,145.0,Put,25.83,25.85,26.2,0.4322566540527344,True,120.742897,4.188
803,NVDA,2025-05-16,0.169863,150.0,Put,30.4,30.3,30.5,0.4211483666992188,True,120.742897,4.188
804,NVDA,2025-05-16,0.169863,155.0,Put,34.75,34.8,35.15,0.4265194067382813,True,120.742897,4.188
805,NVDA,2025-05-16,0.169863,160.0,Put,40.7,39.4,39.6,0.3813538427734374,True,120.742897,4.188
806,NVDA,2025-05-16,0.169863,165.0,Put,45.4,44.3,44.6,0.414068359375,True,120.742897,4.188
807,NVDA,2025-05-16,0.169863,170.0,Put,49.45,49.15,49.55,0.4335994140625,True,120.742897,4.188
808,NVDA,2025-05-16,0.169863,175.0,Put,65.85,54.0,54.2,1.0000000000000003e-05,True,120.742897,4.188
809,NVDA,2025-05-16,0.169863,180.0,Put,65.35,59.0,59.5,0.476567734375,True,120.742897,4.188
810,NVDA,2025-05-16,0.169863,185.0,Put,57.42,63.8,64.35,0.4414118359375,True,120.742897,4.188
811,NVDA,2025-05-16,0.169863,190.0,Put,76.02,69.05,69.5,0.5283250292968751,True,120.742897,4.188
812,NVDA,2025-05-16,0.169863,195.0,Put,72.2,73.95,74.5,0.55273884765625,True,120.742897,4.188
813,NVDA,2025-05-16,0.169863,200.0,Put,78.5,78.85,79.3,0.4687553125,True,120.742897,4.188
814,NVDA,2025-05-16,0.169863,210.0,Put,84.1,88.9,89.35,0.5507857421875001,True,120.742897,4.188
815,NVDA,2025-05-16,0.169863,220.0,Put,93.1,98.95,99.3,0.5449264257812501,True,120.742897,4.188
816,NVDA,2025-05-16,0.169863,230.0,Put,102.85,108.85,109.35,0.6259803027343751,True,120.742897,4.188
817,NVDA,2025-05-16,0.169863,240.0,Put,124.82,119.0,119.5,0.7421900781249999,True,120.742897,4.188
818,NVDA,2025-05-16,0.169863,260.0,Put,142.85,138.85,139.35,0.726565234375,True,120.742897,4.188
819,NVDA,2025-05-16,0.169863,290.0,Put,153.7,169.35,170.6,1.0561570629882815,True,120.742897,4.188
820,NVDA,2025-05-16,0.169863,300.0,Put,176.8,187.0,187.55,1.8325203686523435,True,120.742897,4.188
